StateID,StateName,Dcode,DistrictName,ConstCode,CastedVote,Casted2079,Constituency,1stCandidate,1stGender,1stAge,1stAgeBracket,1stPartyID,1stParty,1stPhoto,2074PartyID,2074Gender,2074Age,2074AgeBracket,1stTotalVoteReceived,1st%Vote,1stRank,2ndCandidate,2ndGender,2ndAge,2ndAgeBracket,2ndPartyID,2ndParty,2ndTotalVoteReceived,2nd%Vote,2ndRank,2ndPhoto,Matantar,Matantar%,3rdCandidate,3rdPhoto,PageLink
1,प्रदेश १,101,ताप्लेजुंग,1011,49345,46391,ताप्लेजुंग-1,योगेश कुमार भट्टराई,M,56,41-60,1,नेपाल कम्युनिष्ट पार्टी (एमाले),https://election-2079.onlinekhabar.com/wp-content/uploads/2022/11/Yogesh-Bhattarai-1.jpg,1,M,51,41-60,21943,47.3%,1,खेल प्रसाद बुडाक्षेत्री,M,46,41-60,3,नेपाल कम्युनिष्ट पार्टी (माओवादी केन्द्र)(एकल चुनाव चिन्ह),21735,46.9%,2,https://election-2079.onlinekhabar.com/wp-content/uploads/2022/11/khel-bahadue-buda-kshetri.jpg,208,0.4%,होम प्रसाद तुम्बाहाम्फे,https://election-2079.onlinekhabar.com/wp-content/uploads/2022/11/Hom-Prasad.jpg,https://election.onlinekhabar.com/central-chetra/?chetra_map_id=taplejung
1,प्रदेश १,102,संखुवासभा,1021,65967,62585,संखुवासभा-1,दिपक खड्का,M,51,41-60,2,नेपाली काँग्रेस,https://election-2079.onlinekhabar.com/wp-content/uploads/2022/11/Deepak-Khadka-1.jpg,1,M,54,41-60,32161,51.4%,1,राजेन्द्र प्रसाद गौत्तम,M,59,41-60,1,नेपाल कम्युनिष्ट पार्टी (एमाले),26721,42.7%,2,https://election-2079.onlinekhabar.com/wp-content/uploads/2022/11/Rajendra-Gautam-1.jpg,5440,8.7%,भक्त नारायण श्रेष्ठ,https://election-2079.onlinekhabar.com/wp-content/uploads/2022/11/bhakta-naryan-shrestha-_.jpg,https://election.onlinekhabar.com/central-chetra/?chetra_map_id=sankhuwasabha1
1,प्रदेश १,103,सोलुखुम्बु,1031,39545,37810,सोलुखुम्बु-1,मानबीर राई,M,52,41-60,1,नेपाल कम्युनिष्ट पार्टी (एमाले),https://election-2079.onlinekhabar.com/wp-content/uploads/2022/11/Manbir-Rai-1.jpg,3,M,33,21-40,19324,51.1%,1,बल बहादुर के.सी,M,69,60+,2,नेपाली काँग्रेस,16545,43.8%,2,https://election-2079.onlinekhabar.com/wp-content/uploads/2022/11/bal-bahadur-kc-1.jpg,2779,7.3%,लाक्पा शेर्पा,https://election-2079.onlinekhabar.com/wp-content/uploads/2022/11/lakpa-sherpa-_.jpg,https://election.onlinekhabar.com/central-chetra/?chetra_map_id=solukhumbu1
1,प्रदेश १,104,ओखलढुंगा,1041,61688,62585,ओखलढुंगा-1,राम हरि खतिवडा,M,52,41-60,2,नेपाली काँग्रेस,https://election-2079.onlinekhabar.com/wp-content/uploads/2022/11/ramhari-khatiwoda-1.jpg,1,M,45,41-60,33556,53.6%,1,यज्ञ राज सुनुवार,M,50,41-60,1,नेपाल कम्युनिष्ट पार्टी (एमाले),26738,42.7%,2,https://election-2079.onlinekhabar.com/wp-content/uploads/2022/11/yagyaraj-sunuwr.jpg,6818,10.9%,जुद्ध बहादुर राई,https://election-2079.onlinekhabar.com/wp-content/uploads/2022/11/Juddha-Dhakre.jpg,https://election.onlinekhabar.com/central-chetra/?chetra_map_id=okhaldhunga1
1,प्रदेश १,105,खोटाङ्ग,1051,66905,64422,खोटाङ्ग-1,राम कुमार राई,M,54,41-60,3,नेपाल कम्युनिष्ट पार्टी (माओवादी केन्द्र)(एकल चुनाव चिन्ह),https://election-2079.onlinekhabar.com/wp-content/uploads/2022/11/ram-kumar-rai-_.jpg,1,M,48,41-60,31351,48.7%,1,विशाल भट्टराई,M,53,41-60,1,नेपाल कम्युनिष्ट पार्टी (एमाले),28682,44.5%,2,https://election-2079.onlinekhabar.com/wp-content/uploads/2022/11/Bishal-Bhattrai-1.jpg,2669,4.1%,कृष्ण कुमार राई,https://election-2079.onlinekhabar.com/wp-content/uploads/2022/11/Krishna-Kumar-Rai-__.jpg,https://election.onlinekhabar.com/central-chetra/?chetra_map_id=khotang1
1,प्रदेश १,106,भोजपुर,1061,60424,58685,भोजपुर-1,सुदन किराती,M,43,41-60,3,नेपाल कम्युनिष्ट पार्टी (माओवादी केन्द्र)(एकल चुनाव चिन्ह),https://election-2079.onlinekhabar.com/wp-content/uploads/2022/11/sudan-kirati.jpg,3,M,38,21-40,28591,48.7%,1,शेरधन राई,M,51,41-60,1,नेपाल कम्युनिष्ट पार्टी (एमाले),26202,44.6%,2,https://election-2079.onlinekhabar.com/wp-content/uploads/2022/11/sherdhan-rai.jpg,2389,4.1%,डा.सुरेश बस्नेत,https://election.onlinekhabar.com/wp-content/themes/election-2079/assets/img/user-avatar.jpg,https://election.onlinekhabar.com/central-chetra/?chetra_map_id=bhojpur1
1,प्रदेश १,107,धनकुटा,1071,66564,66727,धनकुटा-1,राजेन्द्र कुमार राई,M,56,41-60,1,नेपाल कम्युनिष्ट पार्टी (एमाले),https://election-2079.onlinekhabar.com/wp-content/uploads/2022/11/Rajendra-Kumar-Rai.jpg,1,M,51,41-60,30101,45.1%,1,सुनील बहादुर थापा,M,63,60+,2,नेपाली काँग्रेस,28704,43.0%,2,https://election-2079.onlinekhabar.com/wp-content/uploads/2022/11/Sunil-Thapa-1.jpg,1397,2.1%,हेमराज भण्डारी,https://election-2079.onlinekhabar.com/wp-content/uploads/2022/11/Hemraj-Bhandari.jpg,https://election.onlinekhabar.com/central-chetra/?chetra_map_id=dhankuta1
1,प्रदेश १,108,तेर्हथुम,1081,42301,39901,तेर्हथुम-1,सिता गुरुङ्ग,F,46,41-60,2,नेपाली काँग्रेस,https://election-2079.onlinekhabar.com/wp-content/uploads/2022/11/Sita-Gurung.jpg,1,M,56,41-60,19707,49.4%,1,बिजय सुब्बा,M,64,60+,1,नेपाल कम्युनिष्ट पार्टी (एमाले),18631,46.7%,2,https://election-2079.onlinekhabar.com/wp-content/uploads/2022/11/Bijay-Subba.jpg,1076,2.7%,विष्णु कुमार चोङवाङ,https://election-2079.onlinekhabar.com/wp-content/uploads/2022/11/Bishnu-Kumar-Chengwang.jpg,https://election.onlinekhabar.com/central-chetra/?chetra_map_id=terathum1
1,प्रदेश १,109,पाँचथर,1091,72182,70791,पाँचथर-1,वसन्त कुमार नेम्वाङ्ग,M,60,41-60,1,नेपाल कम्युनिष्ट पार्टी (एमाले),https://election-2079.onlinekhabar.com/wp-content/uploads/2022/11/basanta-nemwang.jpg,1,M,55,41-60,32135,45.4%,1,भीष्म राज आङदेम्वे,M,57,41-60,2,नेपाली काँग्रेस,32089,45.3%,2,https://election-2079.onlinekhabar.com/wp-content/uploads/2022/11/bhisma-raja-angdembe-1.jpg,46,0.1%,कमल वहादुर चेम्जोङ,https://election-2079.onlinekhabar.com/wp-content/uploads/2022/11/Kamal-Chemjong-_.jpg,https://election.onlinekhabar.com/central-chetra/?chetra_map_id=panchthar1
1,प्रदेश १,110,इलाम,1101,62114,57018,इलाम-1,महेश बस्नेत,M,62,60+,1,नेपाल कम्युनिष्ट पार्टी (एमाले),https://election-2079.onlinekhabar.com/wp-content/uploads/2022/11/mahes-basnet-ilam.jpg,1,M,67,60+,25753,45.2%,1,झलनाथ खनाल,M,72,60+,38,नेपाल कम्युनिष्ट पार्टी (एकिकृत समाजबादी),23089,40.5%,2,https://election-2079.onlinekhabar.com/wp-content/uploads/2022/11/Jhalanath-khanal.jpg,2664,4.7%,बुद्ध लाल मेचे,https://election-2079.onlinekhabar.com/wp-content/uploads/2022/11/buddhalal-meche-_.jpg,https://election.onlinekhabar.com/central-chetra/?chetra_map_id=illam1
1,प्रदेश १,110,इलाम,1102,68389,66185,इलाम-2,सुवास चन्द्र नेम्वाङ्ग,M,69,60+,1,नेपाल कम्युनिष्ट पार्टी (एमाले),https://election-2079.onlinekhabar.com/wp-content/uploads/2022/11/Subash-nemwang.jpg,1,M,64,60+,30020,45.4%,1,डम्बर बहादुर खड्का,M,47,41-60,2,नेपाली काँग्रेस,29906,45.2%,2,https://election-2079.onlinekhabar.com/wp-content/uploads/2022/11/Dambar-khadka.jpg,114,0.2%,प्रकाश सापकोटा,https://election-2079.onlinekhabar.com/wp-content/uploads/2022/11/Prakash-Sapkota.jpeg,https://election.onlinekhabar.com/central-chetra/?chetra_map_id=illam2
1,प्रदेश १,111,झापा,1111,73303,77071,झापा-1,विश्व प्रकाश शर्मा,M,52,41-60,2,नेपाली काँग्रेस,https://election-2079.onlinekhabar.com/wp-content/uploads/2022/11/bishwo-prakash-sharma-1.jpg,3,M,61,60+,39624,51.4%,1,अग्नि प्रसाद खरेल,M,61,60+,1,नेपाल कम्युनिष्ट पार्टी (एमाले),25349,32.9%,2,https://election-2079.onlinekhabar.com/wp-content/uploads/2022/11/Agni-Kharel-2.jpg,14275,18.5%,ओमनाथ भण्डारी,https://election-2079.onlinekhabar.com/wp-content/uploads/2022/11/Omnath-Bhandari.jpg,https://election.onlinekhabar.com/central-chetra/?chetra_map_id=jhapa1
1,प्रदेश १,111,झापा,1112,81957,81721,झापा-2,देव राज घिमिरे,M,66,60+,1,नेपाल कम्युनिष्ट पार्टी (एमाले),https://election-2079.onlinekhabar.com/wp-content/uploads/2022/11/Devraj-ghimire.jpg,1,F,53,41-60,28716,35.1%,1,भद्र प्रसाद नेपाल,M,46,41-60,13,स्वतन्त्र,26455,32.4%,2,https://election-2079.onlinekhabar.com/wp-content/uploads/2022/11/Swagat-nepal.jpg,2261,2.8%,हरि कुमार राना मगर,https://election.onlinekhabar.com/wp-content/uploads/2022/11/hari-kumar-rana.jpg,https://election.onlinekhabar.com/central-chetra/?chetra_map_id=jhapa2
1,प्रदेश १,111,झापा,1113,78932,84808,झापा-3,राजेन्द्र प्रसाद लिङ्देन,M,57,41-60,4,राष्ट्रिय प्रजातन्त्र पार्टी,https://election-2079.onlinekhabar.com/wp-content/uploads/2022/11/Rajendra-lingden-1.jpg,4,M,52,41-60,40662,47.9%,1,कृष्ण प्रसाद सिटौला,M,72,60+,2,नेपाली काँग्रेस,37386,44.1%,2,https://election-2079.onlinekhabar.com/wp-content/uploads/2022/11/Krishna-Prasad-Sitaula-1.jpg,3276,3.9%,प्रकाश पाठक,https://election-2079.onlinekhabar.com/wp-content/uploads/2022/11/prakash-pathak.jpg,https://election.onlinekhabar.com/central-chetra/?chetra_map_id=jhapa3
1,प्रदेश १,111,झापा,1114,73629,74836,झापा-4,लाल प्रसाद साँवा लिम्बू,M,55,41-60,1,नेपाल कम्युनिष्ट पार्टी (एमाले),https://election.onlinekhabar.com/wp-content/uploads/2022/11/lp-sawa-4.jpg,1,M,50,41-60,29315,39.2%,1,देउ कुमार थेवे,M,57,41-60,2,नेपाली काँग्रेस,22448,30.0%,2,https://election-2079.onlinekhabar.com/wp-content/uploads/2022/11/dauman-thebe.jpg,6867,9.2%,शम्भु प्रसाद ढकाल,https://election-2079.onlinekhabar.com/wp-content/uploads/2022/11/Shambhu-Dhakal.jpg,https://election.onlinekhabar.com/central-chetra/?chetra_map_id=jhapa4
1,प्रदेश १,111,झापा,1115,91345,93870,झापा-5,के.पी शर्मा ओली,M,70,60+,1,नेपाल कम्युनिष्ट पार्टी (एमाले),https://election-2079.onlinekhabar.com/wp-content/uploads/2022/11/KP-OLI.jpg,1,M,65,60+,52319,55.7%,1,खगेन्द्र अधिकारी,M,48,41-60,2,नेपाली काँग्रेस,23743,25.3%,2,https://election-2079.onlinekhabar.com/wp-content/uploads/2022/11/Khagendra-adhakari-jhapa.jpg,28576,30.4%,शुरेस कुमार पोखरेल,https://election.onlinekhabar.com/wp-content/themes/election-2079/assets/img/user-avatar.jpg,https://election.onlinekhabar.com/central-chetra/?chetra_map_id=jhapa5
1,प्रदेश १,112,मोरङ्ग,1121,71427,70676,मोरङ्ग-1,डिग बहादुर लिम्वु,M,59,41-60,2,नेपाली काँग्रेस,https://election.onlinekhabar.com/wp-content/uploads/2022/11/dig-bahadur-limbu.jpg,1,M,56,41-60,27297,38.6%,1,घनश्याम खतीवडा,M,60,41-60,1,नेपाल कम्युनिष्ट पार्टी (एमाले),26867,38.0%,2,https://election-2079.onlinekhabar.com/wp-content/uploads/2022/11/ghanashyam-khatiwada.jpg,430,0.6%,कमल बहादुर श्रेष्ठ,https://election-2079.onlinekhabar.com/wp-content/uploads/2022/11/kamal-Shrestha.jpg,https://election.onlinekhabar.com/central-chetra/?chetra_map_id=morang1
1,प्रदेश १,112,मोरङ्ग,1122,75789,75666,मोरङ्ग-2,ऋषिकेश पोखरेल,M,54,41-60,1,नेपाल कम्युनिष्ट पार्टी (एमाले),https://election-2079.onlinekhabar.com/wp-content/uploads/2022/11/rishikesh.jpg,2,M,60,41-60,33148,43.8%,1,सुजाता कोइराला,F,68,60+,2,नेपाली काँग्रेस,31940,42.2%,2,https://election-2079.onlinekhabar.com/wp-content/uploads/2022/11/Sujata-Koirala-1.jpg,1208,1.6%,ठगेन्द्र प्रसाद न्यौपाने,https://election-2079.onlinekhabar.com/wp-content/uploads/2022/11/thagendra-naupane.jpg,https://election.onlinekhabar.com/central-chetra/?chetra_map_id=morang2
1,प्रदेश १,112,मोरङ्ग,1123,87443,92202,मोरङ्ग-3,शुनिल कुमार शर्मा,M,44,41-60,2,नेपाली काँग्रेस,https://election-2079.onlinekhabar.com/wp-content/uploads/2022/11/sunil-sharma_.jpg,1,M,55,41-60,48631,52.7%,1,भानु भक्त ढकाल,M,60,41-60,1,नेपाल कम्युनिष्ट पार्टी (एमाले),25895,28.1%,2,https://election-2079.onlinekhabar.com/wp-content/uploads/2022/11/bhanubhakta-dhakal-1.jpg,22736,24.7%,रेखा थापा,https://election-2079.onlinekhabar.com/wp-content/uploads/2022/11/rekha-thapa.jpg,https://election.onlinekhabar.com/central-chetra/?chetra_map_id=morang3
1,प्रदेश १,112,मोरङ्ग,1124,66929,70283,मोरङ्ग-4,अमन लाल मोदी,M,37,21-40,3,नेपाल कम्युनिष्ट पार्टी (माओवादी केन्द्र)(एकल चुनाव चिन्ह),https://election-2079.onlinekhabar.com/wp-content/uploads/2022/11/amanlal.jpg,3,M,32,21-40,30612,43.6%,1,विनोद प्रसाद ढकाल,M,54,41-60,1,नेपाल कम्युनिष्ट पार्टी (एमाले),24463,34.8%,2,https://election-2079.onlinekhabar.com/wp-content/uploads/2022/11/binod-dhakal.jpg,6149,8.7%,रवि रिजाल,https://election.onlinekhabar.com/wp-content/themes/election-2079/assets/img/user-avatar.jpg,https://election.onlinekhabar.com/central-chetra/?chetra_map_id=morang4
1,प्रदेश १,112,मोरङ्ग,1125,63929,67380,मोरङ्ग-5,योगेन्द्र मण्डल,M,51,41-60,13,स्वतन्त्र,https://election-2079.onlinekhabar.com/wp-content/uploads/2022/11/yoggendra-mandal.jpg,3,M,42,41-60,21820,32.4%,1,शिव कुमार मंडल (केवट),M,47,41-60,3,नेपाल कम्युनिष्ट पार्टी (माओवादी केन्द्र)(एकल चुनाव चिन्ह),17486,26.0%,2,https://election-2079.onlinekhabar.com/wp-content/uploads/2022/11/shivkumar-mandal.jpg,4334,6.4%,राज कुमार यादव,https://election-2079.onlinekhabar.com/wp-content/uploads/2022/11/rajkumar-yadav.jpg,https://election.onlinekhabar.com/central-chetra/?chetra_map_id=morang5
1,प्रदेश १,112,मोरङ्ग,1126,74873,80426,मोरङ्ग-6,डा शेखर कोइराला,M,72,60+,2,नेपाली काँग्रेस,https://election-2079.onlinekhabar.com/wp-content/uploads/2022/11/sekhar.jpg,1,M,58,41-60,35224,43.8%,1,लाल बाबु पंण्डित,M,63,60+,1,नेपाल कम्युनिष्ट पार्टी (एमाले),22946,28.5%,2,https://election-2079.onlinekhabar.com/wp-content/uploads/2022/11/lalbabi.jpg,12278,15.3%,यादव कुमार प्रधान,https://election-2079.onlinekhabar.com/wp-content/uploads/2022/11/yadav-kumar-pradhan..jpg,https://election.onlinekhabar.com/central-chetra/?chetra_map_id=morang6
1,प्रदेश १,113,सुनसरी,1131,72750,73021,सुनसरी-1,अशोक कुमार राई,M,65,60+,41,"जनता समाजवादी पार्टी, नेपाल ",https://election-2079.onlinekhabar.com/wp-content/uploads/2022/11/Ashok-Rai-1.jpg,1,M,49,41-60,17059,23.4%,1,गोमा तामाङ,F,48,41-60,93,राष्ट्रिय स्वतन्त्र पार्टी,16606,22.7%,2,https://election-2079.onlinekhabar.com/wp-content/uploads/2022/11/Goma-Tamang.jpg,453,0.6%,मुक्‍सामहाङ्ग सुब्‍बा,https://election-2079.onlinekhabar.com/wp-content/uploads/2022/11/Muksahang.jpg,https://election.onlinekhabar.com/central-chetra/?chetra_map_id=sunsari1
1,प्रदेश १,113,सुनसरी,1132,87055,88552,सुनसरी-2,भीम प्रसाद आचार्य,M,63,60+,1,नेपाल कम्युनिष्ट पार्टी (एमाले),https://election-2079.onlinekhabar.com/wp-content/uploads/2022/11/Bhim-Acharya.jpg,2,M,62,60+,32024,36.2%,1,सिताराम महतो,M,67,60+,2,नेपाली काँग्रेस,26068,29.4%,2,https://election-2079.onlinekhabar.com/wp-content/uploads/2022/11/Sitaram-Mehta.jpg,5956,6.7%,लाल बिक्रम थापा,https://election.onlinekhabar.com/wp-content/themes/election-2079/assets/img/user-avatar.jpg,https://election.onlinekhabar.com/central-chetra/?chetra_map_id=sunsari2
1,प्रदेश १,113,सुनसरी,1133,81379,87114,सुनसरी-3,भगवती चौधरी,F,51,41-60,1,नेपाल कम्युनिष्ट पार्टी (एमाले),https://election-2079.onlinekhabar.com/wp-content/uploads/2022/11/Bhagwati-Chaudhary.jpg,2,M,63,60+,40788,46.8%,1,विजय कुमार गच्‍छदार,M,68,60+,2,नेपाली काँग्रेस,35600,40.9%,2,https://election-2079.onlinekhabar.com/wp-content/uploads/2022/11/Bijay-Bhakta-Shrestha.jpg,5188,6.0%,कमल बाबु मैनाली,https://election-2079.onlinekhabar.com/wp-content/uploads/2022/11/Kamal-Babu-Mainali.jpg,https://election.onlinekhabar.com/central-chetra/?chetra_map_id=sunsari3
1,प्रदेश १,113,सुनसरी,1134,68316,74423,सुनसरी-4,ज्ञानेन्द्र बहादुर कार्की,M,65,60+,2,नेपाली काँग्रेस,https://election-2079.onlinekhabar.com/wp-content/uploads/2022/11/Gyanendra-Bahadur-Karki.jpg,2,M,60,41-60,30483,41.0%,1,जगदिश प्रसाद कुसियैत,M,62,60+,1,नेपाल कम्युनिष्ट पार्टी (एमाले),30371,40.8%,2,https://election-2079.onlinekhabar.com/wp-content/uploads/2022/11/Jagdish-Prasad-Kusiyait.jpg,112,0.2%,विध्यानन्द यादव,https://election-2079.onlinekhabar.com/wp-content/uploads/2022/11/Bidhya-Nanda-Yadav.jpg,https://election.onlinekhabar.com/central-chetra/?chetra_map_id=sunsari4
1,प्रदेश १,114,उदयपुर,1141,69215,71455,उदयपुर-1,डा. नारायण खड्का,M,73,60+,2,नेपाली काँग्रेस,https://election-2079.onlinekhabar.com/wp-content/uploads/2022/11/Narayan-Khadka.jpg,2,M,68,60+,31270,43.8%,1,मन्जु कुमारी चौधरी,F,48,41-60,1,नेपाल कम्युनिष्ट पार्टी (एमाले),28891,40.4%,2,https://election-2079.onlinekhabar.com/wp-content/uploads/2022/11/Manju-Chaudhary.jpg,2379,3.3%,धुर्व कुमार राय माझी,https://election.onlinekhabar.com/wp-content/themes/election-2079/assets/img/user-avatar.jpg,https://election.onlinekhabar.com/central-chetra/?chetra_map_id=udayaur1
1,प्रदेश १,114,उदयपुर,1142,40219,42161,उदयपुर-2,अम्वर बहादुर रायामाझी,M,53,41-60,1,नेपाल कम्युनिष्ट पार्टी (एमाले),https://election.onlinekhabar.com/wp-content/uploads/2022/11/Ambar-bahadur-rayamajhi.jpg,3,M,41,41-60,15251,36.2%,1,जगन्नाथ खतिवडा,M,60,41-60,38,नेपाल कम्युनिष्ट पार्टी (एकिकृत समाजबादी),12893,30.6%,2,https://election-2079.onlinekhabar.com/wp-content/uploads/2022/11/Jaggannath-Khatiwada.jpg,2358,5.6%,राम कुमार राई,https://election.onlinekhabar.com/wp-content/themes/election-2079/assets/img/user-avatar.jpg,https://election.onlinekhabar.com/central-chetra/?chetra_map_id=udayaur2
2,मधेश प्रदेश,201,सप्तरी,2011,58308,70235,सप्तरी-1,नवल किसोर साह सुडी,M,73,60+,41,"जनता समाजवादी पार्टी, नेपाल ",https://election.onlinekhabar.com/wp-content/uploads/2022/11/%E0%A4%A8%E0%A4%B5%E0%A4%B2-%E0%A4%95%E0%A4%BF%E0%A4%B8%E0%A5%8B%E0%A4%B0-%E0%A4%B8%E0%A4%BE%E0%A4%B9-%E0%A4%B8%E0%A5%81%E0%A4%A1%E0%A5%80-_.jpg,33,M,58,41-60,23604,33.6%,1,जय कान्त राउत,M,49,41-60,48,जनमत पार्टी,19996,28.5%,2,https://election.onlinekhabar.com/wp-content/themes/election-2079/assets/img/user-avatar.jpg,3608,5.1%,रामदेव साह(तेली),https://election.onlinekhabar.com/wp-content/uploads/2022/11/ramdev-saha-teli-_.jpg,https://election.onlinekhabar.com/central-chetra/?chetra_map_id=saptari1
2,मधेश प्रदेश,201,सप्तरी,2012,47297,60921,सप्तरी-2,चन्द्र कान्त राउत,M,45,41-60,48,जनमत पार्टी,https://election-2079.onlinekhabar.com/wp-content/uploads/2022/11/CK-raut-1.jpg,33,M,56,41-60,35042,57.5%,1,उपेन्द्र यादव,M,61,60+,41,"जनता समाजवादी पार्टी, नेपाल ",16979,27.9%,2,https://election-2079.onlinekhabar.com/wp-content/uploads/2022/11/Upendra-yadav-1.jpg,18063,29.6%,जय प्रकाश ठाकुर,https://election.onlinekhabar.com/wp-content/uploads/2022/11/jaya-prakash-thakur-_.jpg,https://election.onlinekhabar.com/central-chetra/?chetra_map_id=saptari2
2,मधेश प्रदेश,201,सप्तरी,2013,55257,66826,सप्तरी-3,दिनेश कुमार यादव,M,61,60+,2,नेपाली काँग्रेस,https://election.onlinekhabar.com/wp-content/uploads/2022/11/dinesh-kumar-yadav-_.jpg,32,M,70,60+,26166,39.2%,1,ताराकान्त चौधरी,M,57,41-60,1,नेपाल कम्युनिष्ट पार्टी (एमाले),22300,33.4%,2,https://election.onlinekhabar.com/wp-content/uploads/2022/11/tarakanta-chaudhary-_.jpg,3866,5.8%,अनिश अंसारी,https://election.onlinekhabar.com/wp-content/uploads/2022/11/ANISH-ANSARI-_.jpg,https://election.onlinekhabar.com/central-chetra/?chetra_id=34
2,मधेश प्रदेश,201,सप्तरी,2014,55582,63992,सप्तरी-4,तेजु लाल चौधरी,M,60,41-60,2,नेपाली काँग्रेस,https://election.onlinekhabar.com/wp-content/uploads/2022/11/teju-lal-chaudhary-_.jpg,2,M,55,41-60,23491,36.7%,1,वालकिसोर यादव,M,48,41-60,41,"जनता समाजवादी पार्टी, नेपाल ",17977,28.1%,2,https://election.onlinekhabar.com/wp-content/uploads/2022/11/balkishor-yadav-_.jpg,5514,8.6%,सुकदेव प्रसाद साह,https://election.onlinekhabar.com/wp-content/themes/election-2079/assets/img/user-avatar.jpg,https://election.onlinekhabar.com/central-chetra/?chetra_map_id=saptari4
2,मधेश प्रदेश,202,सिराहा,2021,60145,66106,सिराहा-1,राम शंकर यादव,M,61,60+,1,नेपाल कम्युनिष्ट पार्टी (एमाले),https://election-2079.onlinekhabar.com/wp-content/uploads/2022/11/Ram-sharkar-yadav-_.jpg,2,M,67,60+,29462,44.6%,1,पदम नारायण चौधरी,M,74,60+,2,नेपाली काँग्रेस,27379,41.4%,2,https://election-2079.onlinekhabar.com/wp-content/uploads/2022/11/Padma-Narayan-Chaudhary-_.jpg,2083,3.2%,युगल किशोर साह,https://election-2079.onlinekhabar.com/wp-content/uploads/2022/11/yugal-kishor-saha-_.jpg,https://election.onlinekhabar.com/central-chetra/?chetra_map_id=siraha1
2,मधेश प्रदेश,202,सिराहा,2022,56767,67768,सिराहा-2,राज किशोर यादव,M,49,41-60,41,"जनता समाजवादी पार्टी, नेपाल ",https://election-2079.onlinekhabar.com/wp-content/uploads/2022/11/Rajkishor-Yadav-1.jpg,3,M,61,60+,24178,35.7%,1,चित्रलेखा यादब,F,57,41-60,2,नेपाली काँग्रेस,23028,34.0%,2,https://election-2079.onlinekhabar.com/wp-content/uploads/2022/11/Chita-lekha-yadav-1.jpg,1150,1.7%,बिनोद कुमार यादव,https://election-2079.onlinekhabar.com/wp-content/uploads/2022/11/Binod-kumar-yadav-_.jpg,https://election.onlinekhabar.com/central-chetra/?chetra_map_id=siraha2
2,मधेश प्रदेश,202,सिराहा,2023,58132,69406,सिराहा-3,लिलानाथ श्रेष्ठ,M,65,60+,1,नेपाल कम्युनिष्ट पार्टी (एमाले),https://election-2079.onlinekhabar.com/wp-content/uploads/2022/11/Lilanath-Shrestha-1.jpg,1,M,60,41-60,28064,40.4%,1,विश्‍वनाथ साह,M,69,60+,3,नेपाल कम्युनिष्ट पार्टी (माओवादी केन्द्र)(एकल चुनाव चिन्ह),26882,38.7%,2,https://election.onlinekhabar.com/wp-content/uploads/2022/11/BIshonath-saha.jpg,1182,1.7%,दिनेश  कुमार  यादव,https://election.onlinekhabar.com/wp-content/themes/election-2079/assets/img/user-avatar.jpg,https://election.onlinekhabar.com/central-chetra/?chetra_map_id=siraha3
2,मधेश प्रदेश,202,सिराहा,2024,52611,60922,सिराहा-4,बिरेन्द्र प्रसाद महतो,M,53,41-60,41,"जनता समाजवादी पार्टी, नेपाल ",https://election-2079.onlinekhabar.com/wp-content/uploads/2022/11/birendra-mahato-1.jpg,32,M,44,41-60,24102,39.6%,1,वीरेन्द्र प्रसाद साह,M,53,41-60,48,जनमत पार्टी,16294,26.7%,2,https://election.onlinekhabar.com/wp-content/themes/election-2079/assets/img/user-avatar.jpg,7808,12.8%,धर्मनाथ प्रसाद साह,https://election-2079.onlinekhabar.com/wp-content/uploads/2022/11/Dharmanath-saha-1.jpg,https://election.onlinekhabar.com/central-chetra/?chetra_map_id=siraha4
2,मधेश प्रदेश,203,धनुषा,2031,64697,73098,धनुषा-1,दीपक कार्की,M,58,41-60,41,"जनता समाजवादी पार्टी, नेपाल ",https://election-2079.onlinekhabar.com/wp-content/uploads/2022/11/deepak-karki-_.jpg,3,M,59,41-60,27431,37.5%,1,मातृका प्रसाद यादव,M,64,60+,3,नेपाल कम्युनिष्ट पार्टी (माओवादी केन्द्र)(एकल चुनाव चिन्ह),21483,29.4%,2,https://election-2079.onlinekhabar.com/wp-content/uploads/2022/11/Matrika-Yadav_.jpg,5948,8.1%,किशोरी साह कमल,https://election.onlinekhabar.com/wp-content/themes/election-2079/assets/img/user-avatar.jpg,https://election.onlinekhabar.com/central-chetra/?chetra_id=40
2,मधेश प्रदेश,203,धनुषा,2032,68023,77665,धनुषा-2,राम कृष्ण यादव,M,60,41-60,2,नेपाली काँग्रेस,https://election-2079.onlinekhabar.com/wp-content/uploads/2022/11/ramkrishna-yadav.jpg,33,M,40,21-40,20112,25.9%,1,उमाशंकर अरगरिया,M,45,41-60,1,नेपाल कम्युनिष्ट पार्टी (एमाले),19955,25.7%,2,https://election-2079.onlinekhabar.com/wp-content/uploads/2022/11/Umashankr-yadav1.jpg,157,0.2%,राम चन्द्र झा,https://election-2079.onlinekhabar.com/wp-content/uploads/2022/11/ram-chndra-jha.jpg,https://election.onlinekhabar.com/central-chetra/?chetra_id=41
2,मधेश प्रदेश,203,धनुषा,2033,62243,67893,धनुषा-3,जुली कुमारी महतो (महासेठ),F,46,41-60,1,नेपाल कम्युनिष्ट पार्टी (एमाले),https://election-2079.onlinekhabar.com/wp-content/uploads/2022/11/Juli-mahato.jpg,32,M,58,41-60,33388,49.2%,1,अनिल कुमार झा,M,55,41-60,44,"लोकतान्त्रिक समाजवादी पार्टी, नेपाल  ",23686,34.9%,2,https://election-2079.onlinekhabar.com/wp-content/uploads/2022/11/Anil-jha.jpg,9702,14.3%,शम्भु नाथ साह,https://election-2079.onlinekhabar.com/wp-content/uploads/2022/11/sahmbhu-nath-shaha.jpg,https://election.onlinekhabar.com/central-chetra/?chetra_id=42
2,मधेश प्रदेश,203,धनुषा,2034,63456,76768,धनुषा-4,रघुबीर महासेठ,M,61,60+,1,नेपाल कम्युनिष्ट पार्टी (एमाले),https://election-2079.onlinekhabar.com/wp-content/uploads/2022/11/Raghubir-mahaseth1.jpg,1,M,56,41-60,32236,42.0%,1,महेन्द्र यादव,M,60,41-60,2,नेपाली काँग्रेस,32112,41.8%,2,https://election-2079.onlinekhabar.com/wp-content/uploads/2022/11/Mahendra-yadav1.jpg,124,0.2%,महाजन यादव,https://election-2079.onlinekhabar.com/wp-content/uploads/2022/11/Mahajn-yadav1.jpg,https://election.onlinekhabar.com/central-chetra/?chetra_id=43
2,मधेश प्रदेश,204,महोत्तरी,2041,53794,61738,महोत्तरी-1,लझ्मी महतो काेइरी,M,58,41-60,1,नेपाल कम्युनिष्ट पार्टी (एमाले),https://election-2079.onlinekhabar.com/wp-content/uploads/2022/11/Laxmi-mahato-_.jpg,3,M,60,41-60,23402,37.9%,1,गिरिराज  मणी  पोखरेल,M,65,60+,3,नेपाल कम्युनिष्ट पार्टी (माओवादी केन्द्र)(एकल चुनाव चिन्ह),22372,36.2%,2,https://election-2079.onlinekhabar.com/wp-content/uploads/2022/11/Girirajmni-pokhrel-_.jpg,1030,1.7%,पोषण बहादुर थापा,https://election-2079.onlinekhabar.com/wp-content/uploads/2022/11/Posan-thapa_.jpg,https://election.onlinekhabar.com/central-chetra/?chetra_map_id=mahottari1
2,मधेश प्रदेश,204,महोत्तरी,2042,50171,55166,महोत्तरी-2,शरत सिंह भण्डारी,M,68,60+,44,"लोकतान्त्रिक समाजवादी पार्टी, नेपाल  ",https://election-2079.onlinekhabar.com/wp-content/uploads/2022/11/Sarat-sing-bhandari-_.jpg,32,M,63,60+,25190,45.7%,1,विजय कुमार सिंह,M,70,60+,71,तराइ-मधेश लोकतान्त्रिक पार्टी,11120,20.2%,2,https://election-2079.onlinekhabar.com/wp-content/uploads/2022/11/bijay-kumar-singh.jpg,14070,25.5%,राम परिक्षण यादव,https://election-2079.onlinekhabar.com/wp-content/uploads/2022/11/ram-parikshan-yadav-_.jpg,https://election.onlinekhabar.com/central-chetra/?chetra_map_id=mahottari2
2,मधेश प्रदेश,204,महोत्तरी,2043,44972,55403,महोत्तरी-3,महन्थ ठाकुर,M,80,60+,44,"लोकतान्त्रिक समाजवादी पार्टी, नेपाल  ",https://election-2079.onlinekhabar.com/wp-content/uploads/2022/11/mahanta-thakur.jpg,32,M,75,60+,16375,29.6%,1,हरि नारायण यादव,M,60,41-60,41,"जनता समाजवादी पार्टी, नेपाल ",14325,25.9%,2,https://election-2079.onlinekhabar.com/wp-content/uploads/2022/11/Harinarayn-yadav-_.jpg,2050,3.7%,राम आधार कापर,https://election.onlinekhabar.com/wp-content/themes/election-2079/assets/img/user-avatar.jpg,https://election.onlinekhabar.com/central-chetra/?chetra_map_id=mahottari3
2,मधेश प्रदेश,204,महोत्तरी,2044,50582,58833,महोत्तरी-4,महेन्‍द्र कुमार राय,M,63,60+,2,नेपाली काँग्रेस,https://election-2079.onlinekhabar.com/wp-content/uploads/2022/11/Mahendra-kumar-ray-_.jpg,33,M,46,41-60,25448,43.3%,1,सुरेन्‍द्र कुमार यादव,M,51,41-60,41,"जनता समाजवादी पार्टी, नेपाल ",21331,36.3%,2,https://election-2079.onlinekhabar.com/wp-content/uploads/2022/11/Dr-Surendra-yadav-_.jpg,4117,7.0%,मनोज कुमार साह,https://election.onlinekhabar.com/wp-content/themes/election-2079/assets/img/user-avatar.jpg,https://election.onlinekhabar.com/central-chetra/?chetra_map_id=mahottari4
2,मधेश प्रदेश,205,सर्लाही,2051,65212,71374,सर्लाही-1,राम प्रकाश चौधरी,M,58,41-60,44,"लोकतान्त्रिक समाजवादी पार्टी, नेपाल  ",https://election-2079.onlinekhabar.com/wp-content/uploads/2022/11/Ram-Prakash-Chaudhairi_.jpg,32,M,38,21-40,24838,34.8%,1,मान बहादुर खड्का,M,51,41-60,13,स्वतन्त्र,18404,25.8%,2,https://election-2079.onlinekhabar.com/wp-content/uploads/2022/11/Man-bahadur-Khadka-sarlai-2.jpg,6434,9.0%,प्रमोद साह,https://election-2079.onlinekhabar.com/wp-content/uploads/2022/11/Pramod-Saha-Sarlai-2.jpg,https://election.onlinekhabar.com/central-chetra/?chetra_map_id=sarlahi1
2,मधेश प्रदेश,205,सर्लाही,2052,59270,70469,सर्लाही-2,महिन्द्र राय यादव,M,85,60+,3,नेपाल कम्युनिष्ट पार्टी (माओवादी केन्द्र)(एकल चुनाव चिन्ह),https://election.onlinekhabar.com/wp-content/uploads/2022/11/mahendra-raya-yadav-_.jpg,32,M,80,60+,23529,33.4%,1,राजेन्द्र महतो,M,63,60+,44,"लोकतान्त्रिक समाजवादी पार्टी, नेपाल  ",21518,30.5%,2,https://election-2079.onlinekhabar.com/wp-content/uploads/2022/11/Rajendra-mahato1-6-1024x683-1.jpg,2011,2.9%,राज नारायण साह,https://election-2079.onlinekhabar.com/wp-content/uploads/2022/11/rajnarayan-sah-__.jpg,https://election.onlinekhabar.com/central-chetra/?chetra_map_id=sarlahi2
2,मधेश प्रदेश,205,सर्लाही,2053,63707,77199,सर्लाही-3,हरि प्रसाद उप्रेती,M,55,41-60,1,नेपाल कम्युनिष्ट पार्टी (एमाले),https://election-2079.onlinekhabar.com/wp-content/uploads/2022/11/Hari-Prasad-upret1i.jpg,3,M,62,60+,32938,42.7%,1,नरेन्द्र साह कलवार,M,50,41-60,3,नेपाल कम्युनिष्ट पार्टी (माओवादी केन्द्र)(एकल चुनाव चिन्ह),32168,41.7%,2,https://election-2079.onlinekhabar.com/wp-content/uploads/2022/11/Narendra-Sahas.jpg,770,1.0%,त्रिभुवन कुमार सिंह,https://election.onlinekhabar.com/wp-content/themes/election-2079/assets/img/user-avatar.jpg,https://election.onlinekhabar.com/central-chetra/?chetra_map_id=sarlahi3
2,मधेश प्रदेश,205,सर्लाही,2054,59312,69283,सर्लाही-4,अमरेश कुमार सिह,M,52,41-60,13,स्वतन्त्र,https://election.onlinekhabar.com/wp-content/themes/election-2079/assets/img/user-avatar.jpg,2,M,47,41-60,20017,28.9%,1,नागेन्द्र कुमार,M,69,60+,2,नेपाली काँग्रेस,18253,26.3%,2,https://election-2079.onlinekhabar.com/wp-content/uploads/2022/11/nagendra-kumar-_.jpg,1764,2.5%,मधुमाला कुमारी यादव,https://election.onlinekhabar.com/wp-content/themes/election-2079/assets/img/user-avatar.jpg,https://election.onlinekhabar.com/central-chetra/?chetra_map_id=sarlahi4
2,मधेश प्रदेश,206,रौतहट,2061,52866,64009,रौतहट-1,माधव कुमार नेपाल,M,69,60+,38,नेपाल कम्युनिष्ट पार्टी (एकिकृत समाजबादी),https://election-2079.onlinekhabar.com/wp-content/uploads/2022/11/Madhav-Kumar-Nepal-1.jpg,32,M,50,41-60,33522,52.4%,1,अजय कुमार गुप्‍ता,M,48,41-60,1,नेपाल कम्युनिष्ट पार्टी (एमाले),26922,42.1%,2,https://election-2079.onlinekhabar.com/wp-content/uploads/2022/11/Ajaya-gupta-rautahat.jpg,6600,10.3%,राजेन्द्र प्रसाद साह,https://election-2079.onlinekhabar.com/wp-content/uploads/2022/11/Rajendra-Sah-_.jpg,https://election.onlinekhabar.com/central-chetra/?chetra_map_id=rautahat1
2,मधेश प्रदेश,206,रौतहट,2062,52031,64636,रौतहट-2,किरण कुमार साह,M,44,41-60,13,स्वतन्त्र,https://election-2079.onlinekhabar.com/wp-content/uploads/2022/11/kiran-shah.jpg,2,M,55,41-60,32842,50.8%,1,मो. फिरदोस अ‍ालम,M,35,21-40,2,नेपाली काँग्रेस,28248,43.7%,2,https://election-2079.onlinekhabar.com/wp-content/uploads/2022/11/Dr-Firdosh-Alam-_.jpg,4594,7.1%,शैलेन्द्र शाह,https://election-2079.onlinekhabar.com/wp-content/uploads/2022/11/Shailendra-Shah-_.jpg,https://election.onlinekhabar.com/central-chetra/?chetra_map_id=rautahat2
2,मधेश प्रदेश,206,रौतहट,2063,61958,70935,रौतहट-3,प्रभु साह,M,51,41-60,13,स्वतन्त्र,https://election-2079.onlinekhabar.com/wp-content/uploads/2022/11/prabhu-saha-1.jpg,3,M,46,41-60,32437,45.7%,1,अ‍ोमप्रकाश -,M,49,41-60,13,स्वतन्त्र,25200,35.5%,2,https://election.onlinekhabar.com/wp-content/themes/election-2079/assets/img/user-avatar.jpg,7237,10.2%,रविन्‍द्र पटेल,https://election-2079.onlinekhabar.com/wp-content/uploads/2022/11/dhiraj-patel.jpg,https://election.onlinekhabar.com/central-chetra/?chetra_map_id=rautahat3
2,मधेश प्रदेश,206,रौतहट,2064,60240,69970,रौतहट-4,देव प्रसाद तिमलसेना,M,52,41-60,2,नेपाली काँग्रेस,https://election-2079.onlinekhabar.com/wp-content/uploads/2022/11/dev-prashad-timilsina-__.jpg,2,M,47,41-60,34161,48.8%,1,उध्दव प्रसाद रेग्मी,M,57,41-60,1,नेपाल कम्युनिष्ट पार्टी (एमाले),26559,38.0%,2,https://election-2079.onlinekhabar.com/wp-content/uploads/2022/11/Uddhav-Regmi-_.jpg,7602,10.9%,रुपलाल राय यादव,https://election.onlinekhabar.com/wp-content/themes/election-2079/assets/img/user-avatar.jpg,https://election.onlinekhabar.com/central-chetra/?chetra_map_id=rautahat4
2,मधेश प्रदेश,207,बारा,2071,67222,78029,बारा-1,अच्युत प्रसाद मैनाली,M,57,41-60,1,नेपाल कम्युनिष्ट पार्टी (एमाले),https://election-2079.onlinekhabar.com/wp-content/uploads/2022/11/achuyt-mainali.jpg,2,M,51,41-60,39195,50.2%,1,उमाकान्त चौधरी,M,56,41-60,2,नेपाली काँग्रेस,30056,38.5%,2,https://election-2079.onlinekhabar.com/wp-content/uploads/2022/11/Umakanta-Chaudhary_.jpg,9139,11.7%,गणेश धिमाल,https://election.onlinekhabar.com/wp-content/uploads/2022/11/Ganesh-dhimal.jpg,https://election.onlinekhabar.com/central-chetra/?chetra_map_id=bara1
2,मधेश प्रदेश,207,बारा,2072,56355,63742,बारा-2,रामसहाय प्रसाद यादव,M,52,41-60,41,"जनता समाजवादी पार्टी, नेपाल ",https://election-2079.onlinekhabar.com/wp-content/uploads/2022/11/Ram-Sahaya-yadav.jpg,33,M,47,41-60,13822,21.7%,1,शिवचन्द्र प्रसाद कुशवाहा,M,56,41-60,3,नेपाल कम्युनिष्ट पार्टी (माओवादी केन्द्र)(एकल चुनाव चिन्ह),13468,21.1%,2,https://election-2079.onlinekhabar.com/wp-content/uploads/2022/11/shiva-Chandra-kushbawa-1.jpg,354,0.6%,रामकिशोर प्रसाद यादव,https://election-2079.onlinekhabar.com/wp-content/uploads/2022/11/Ram-Kishor-yadav.jpg,https://election.onlinekhabar.com/central-chetra/?chetra_map_id=bara2
2,मधेश प्रदेश,207,बारा,2073,55885,63615,बारा-3,ज्वाला कुमारी साह,F,40,21-40,1,नेपाल कम्युनिष्ट पार्टी (एमाले),https://election-2079.onlinekhabar.com/wp-content/uploads/2022/11/Jwala-kumari-Saha_.jpg,33,M,42,41-60,20251,31.8%,1,रामवावु कुमार यादव,M,47,41-60,41,"जनता समाजवादी पार्टी, नेपाल ",17279,27.2%,2,https://election-2079.onlinekhabar.com/wp-content/uploads/2022/11/Ram-babu-yadav-jasapa-bara.jpg,2972,4.7%,लालबाबु सि‌ह भुइहार,https://election-2079.onlinekhabar.com/wp-content/uploads/2022/11/lal-babu-singh.jpg,https://election.onlinekhabar.com/central-chetra/?chetra_map_id=bara3
2,मधेश प्रदेश,207,बारा,2074,60133,69266,बारा-4,कृष्ण कुमार श्रेष्ठ,M,54,41-60,38,नेपाल कम्युनिष्ट पार्टी (एकिकृत समाजबादी),https://election-2079.onlinekhabar.com/wp-content/uploads/2022/11/krishna-kumar-Shrestha-1.jpg,32,M,48,41-60,30341,43.8%,1,एक‍वाल मियाँ,M,53,41-60,1,नेपाल कम्युनिष्ट पार्टी (एमाले),20336,29.4%,2,https://election-2079.onlinekhabar.com/wp-content/uploads/2022/11/ekawal-miya-1.jpg,10005,14.4%,इच्छा वहादुर वाग्ले,https://election.onlinekhabar.com/wp-content/themes/election-2079/assets/img/user-avatar.jpg,https://election.onlinekhabar.com/central-chetra/?chetra_map_id=bara4
2,मधेश प्रदेश,208,पर्सा,2081,44598,48620,पर्सा-1,प्रदिप यादव,M,47,41-60,41,"जनता समाजवादी पार्टी, नेपाल ",https://election-2079.onlinekhabar.com/wp-content/uploads/2022/11/pradip-yadav-_.jpg,33,M,42,41-60,22537,46.4%,1,अजय कुमार द्विवेदी,M,59,41-60,13,स्वतन्त्र,20917,43.0%,2,https://election-2079.onlinekhabar.com/wp-content/uploads/2022/11/ajay-kumar-dubedi-_.jpg,1620,3.3%,किरण मान डंगोल,https://election-2079.onlinekhabar.com/wp-content/uploads/2022/11/kiranman-dangol-_.jpg,https://election.onlinekhabar.com/central-chetra/?chetra_map_id=parsa1
2,मधेश प्रदेश,208,पर्सा,2082,49245,55501,पर्सा-2,अजय कुमार चौरसिया,M,57,41-60,2,नेपाली काँग्रेस,https://election-2079.onlinekhabar.com/wp-content/uploads/2022/11/ajay-kumar-chaurasiya-_.jpg,33,M,66,60+,28451,51.3%,1,सुरेन्‍द्र प्रसाद कुर्मी,M,56,41-60,41,"जनता समाजवादी पार्टी, नेपाल ",22445,40.4%,2,https://election-2079.onlinekhabar.com/wp-content/uploads/2022/11/surendra-prashad-kurmi-_.jpg,6006,10.8%,नरेश कुमार साह,https://election-2079.onlinekhabar.com/wp-content/uploads/2022/11/naresh-prashad-saha-_.jpg,https://election.onlinekhabar.com/central-chetra/?chetra_map_id=parsa2
2,मधेश प्रदेश,208,पर्सा,2083,50863,61673,पर्सा-3,राज कुमार गुप्ता,M,51,41-60,1,नेपाल कम्युनिष्ट पार्टी (एमाले),https://election-2079.onlinekhabar.com/wp-content/uploads/2022/11/rajkumar-gupta-_.jpg,33,M,54,41-60,24319,39.4%,1,सुरेन्‍द्र प्रसाद चौधरी,M,64,60+,2,नेपाली काँग्रेस,24152,39.2%,2,https://election-2079.onlinekhabar.com/wp-content/uploads/2022/11/surendra-prashad-chaudhari-_.jpg,167,0.3%,राज कुमार यादव,https://election.onlinekhabar.com/wp-content/themes/election-2079/assets/img/user-avatar.jpg,https://election.onlinekhabar.com/central-chetra/?chetra_map_id=parsa3
2,मधेश प्रदेश,208,पर्सा,2084,49791,60116,पर्सा-4,रमेश रिजाल,M,65,60+,2,नेपाली काँग्रेस,https://election-2079.onlinekhabar.com/wp-content/uploads/2022/11/ramesh-rijal.jpg,32,M,70,60+,31224,51.9%,1,जालिम मियाँ मंसुरी,M,75,60+,1,नेपाल कम्युनिष्ट पार्टी (एमाले),25671,42.7%,2,https://election-2079.onlinekhabar.com/wp-content/uploads/2022/11/jalim-miya-_.jpg,5553,9.2%,अवधेश प्रसाद गौरो,https://election.onlinekhabar.com/wp-content/themes/election-2079/assets/img/user-avatar.jpg,https://election.onlinekhabar.com/central-chetra/?chetra_map_id=parsa4
3,बागमती प्रदेश,301,दोलखा,3011,82438,81023,दोलखा-1,ग‌ंगा कार्की,M,57,41-60,3,नेपाल कम्युनिष्ट पार्टी (माओवादी केन्द्र)(एकल चुनाव चिन्ह),https://election-2079.onlinekhabar.com/wp-content/uploads/2022/11/Ganga-Karki-1.jpg,1,M,49,41-60,36820,45.4%,1,बालकृष्ण शिवाकोटी,M,53,41-60,1,नेपाल कम्युनिष्ट पार्टी (एमाले),36505,45.1%,2,https://election-2079.onlinekhabar.com/wp-content/uploads/2022/11/Bal-Krishna-Siwakoti.jpg,315,0.4%,जगदीश खरेल,https://election-2079.onlinekhabar.com/wp-content/uploads/2022/11/Gajdish-Kharel.jpg,https://election.onlinekhabar.com/central-chetra/?chetra_map_id=dolkha1
3,बागमती प्रदेश,302,सिन्धुपाल्चोक,3021,73248,66028,सिन्धुपाल्चोक-1,माधव सापकोटा,M,41,41-60,3,नेपाल कम्युनिष्ट पार्टी (माओवादी केन्द्र)(एकल चुनाव चिन्ह),https://election-2079.onlinekhabar.com/wp-content/uploads/2022/11/Madhav-Sapakota21.jpg,3,M,59,41-60,30408,46.1%,1,सरेश नेपाल,M,61,60+,1,नेपाल कम्युनिष्ट पार्टी (एमाले),27066,41.0%,2,https://election-2079.onlinekhabar.com/wp-content/uploads/2022/11/Saresh-Nepal-2.jpg,3342,5.1%,दिनेश श्रेष्‍ठ,https://election-2079.onlinekhabar.com/wp-content/uploads/2022/11/Dinesh-Shrestha-2.jpg,https://election.onlinekhabar.com/central-chetra/?chetra_map_id=sindhupalchowk1
3,बागमती प्रदेश,302,सिन्धुपाल्चोक,3022,71834,73622,सिन्धुपाल्चोक-2,मोहन बहादुर बस्नेत,M,64,60+,2,नेपाली काँग्रेस,https://election-2079.onlinekhabar.com/wp-content/uploads/2022/11/mohan-basnet-_.jpg,1,M,48,41-60,39381,53.5%,1,शेर बहादुर तामाङग,M,53,41-60,1,नेपाल कम्युनिष्ट पार्टी (एमाले),27515,37.4%,2,https://election-2079.onlinekhabar.com/wp-content/uploads/2022/11/sherbahadur-tamang.jpg,11866,16.1%,नर सिं श्रेष्ठ,https://election-2079.onlinekhabar.com/wp-content/uploads/2022/11/narsing-shrestha-3.jpg,https://election.onlinekhabar.com/central-chetra/?chetra_map_id=sindhupalchowk2
3,बागमती प्रदेश,303,रसुवा,3031,24942,27427,रसुवा-1,मोहन आचार्य,M,45,41-60,2,नेपाली काँग्रेस,https://election-2079.onlinekhabar.com/wp-content/uploads/2022/11/mohan-acharya-1.jpg,2,M,40,21-40,18235,66.5%,1,छोवाङ तेन्जीन तामङ्ग,M,62,60+,1,नेपाल कम्युनिष्ट पार्टी (एमाले),8614,31.4%,2,https://election-2079.onlinekhabar.com/wp-content/uploads/2022/11/Chhowang-Tenzing-Tamang-1.jpg,9621,35.1%,विकाश  गलान,https://election-2079.onlinekhabar.com/wp-content/uploads/2022/11/bikas-tamang-_.jpg,https://election.onlinekhabar.com/central-chetra/?chetra_map_id=rasuwa1
3,बागमती प्रदेश,304,धादिङ्ग,3041,74170,77935,धादिङ्ग-1,राजेन्द्र प्रसाद पाण्डे,M,66,60+,38,नेपाल कम्युनिष्ट पार्टी (एकिकृत समाजबादी),https://election-2079.onlinekhabar.com/wp-content/uploads/2022/11/Rajendra-pandey.jpg,1,M,52,41-60,36018,46.2%,1,भुमि प्रसाद त्रिपाठी,M,57,41-60,1,नेपाल कम्युनिष्ट पार्टी (एमाले),27997,35.9%,2,https://election-2079.onlinekhabar.com/wp-content/uploads/2022/11/bhumi-tipathi.jpg,8021,10.3%,हिमेश पन्त,https://election-2079.onlinekhabar.com/wp-content/uploads/2022/11/himesh-panta.jpg,https://election.onlinekhabar.com/central-chetra/?chetra_map_id=dhading1
3,बागमती प्रदेश,304,धादिङ्ग,3042,73243,66369,धादिङ्ग-2,रामनाथ अधिकारी,M,61,60+,2,नेपाली काँग्रेस,https://election-2079.onlinekhabar.com/wp-content/uploads/2022/11/ramnath-adhikari.jpg,1,M,58,41-60,34736,52.3%,1,खेम प्रसाद लोहनी,M,63,60+,1,नेपाल कम्युनिष्ट पार्टी (एमाले),24190,36.4%,2,https://election-2079.onlinekhabar.com/wp-content/uploads/2022/11/Khem-lohani_.jpg,10546,15.9%,वसु माया तामाङ,https://election-2079.onlinekhabar.com/wp-content/uploads/2022/11/basumaya-tamang.jpg,https://election.onlinekhabar.com/central-chetra/?chetra_map_id=dhading2
3,बागमती प्रदेश,305,नुवाकोट,3051,66028,60021,नुवाकोट-1,हित बहादुर तामाङ,M,59,41-60,3,नेपाल कम्युनिष्ट पार्टी (माओवादी केन्द्र)(एकल चुनाव चिन्ह),https://election-2079.onlinekhabar.com/wp-content/uploads/2022/11/hit-bahadur-tamanag-1.jpg,3,M,54,41-60,26548,44.2%,1,बद्री मैनाली,M,46,41-60,1,नेपाल कम्युनिष्ट पार्टी (एमाले),23465,39.1%,2,https://election-2079.onlinekhabar.com/wp-content/uploads/2022/11/badri-mainali-1.jpg,3083,5.1%,प्रधुम्न महत क्षेत्री,https://election-2079.onlinekhabar.com/wp-content/uploads/2022/11/Dr.-Pradhumna-Mahat.jpg,https://election.onlinekhabar.com/central-chetra/?chetra_map_id=nuwakot1
3,बागमती प्रदेश,305,नुवाकोट,3052,65057,63004,नुवाकोट-2,अर्जुन नरसिंह के.सी.,M,75,60+,2,नेपाली काँग्रेस,https://election-2079.onlinekhabar.com/wp-content/uploads/2022/11/Arjun_Narsingh_KC.jpg,1,M,60,41-60,28107,44.6%,1,शुमन बिक्रम पाण्डे,M,57,41-60,93,राष्ट्रिय स्वतन्त्र पार्टी,16477,26.2%,2,https://election-2079.onlinekhabar.com/wp-content/uploads/2022/11/Suman-Bikram-pandey.jpeg,11630,18.5%,नारायण प्रसाद खतिवडा,https://election-2079.onlinekhabar.com/wp-content/uploads/2022/11/Narayan-khatiwada-1.jpg,https://election.onlinekhabar.com/central-chetra/?chetra_map_id=nuwakot2
3,बागमती प्रदेश,306,काठमाडौं,3061,27682,26166,काठमाडौं-1,प्रकाश मान सिंह,M,66,60+,2,नेपाली काँग्रेस,https://election-2079.onlinekhabar.com/wp-content/uploads/2022/11/Prakash-man-singh-1.jpg,2,M,61,60+,7143,27.3%,1,रवीन्द्र मिश्र,M,57,41-60,4,राष्ट्रिय प्रजातन्त्र पार्टी,7018,26.8%,2,https://election-2079.onlinekhabar.com/wp-content/uploads/2022/11/Rabindra-mishra-1.jpg,125,0.5%,पुकार बम,https://election-2079.onlinekhabar.com/wp-content/uploads/2022/11/Pukar-bam-1.jpg,https://election.onlinekhabar.com/central-chetra/?chetra_id=87
3,बागमती प्रदेश,306,काठमाडौं,3062,51255,50817,काठमाडौं-2,सोविता गौतम,F,27,21-40,93,राष्ट्रिय स्वतन्त्र पार्टी,https://election-2079.onlinekhabar.com/wp-content/uploads/2022/11/Sobita-Gautam-1.jpg,1,M,64,60+,15238,30.0%,1,मणिराम फुयाल,M,56,41-60,1,नेपाल कम्युनिष्ट पार्टी (एमाले),11566,22.8%,2,https://election-2079.onlinekhabar.com/wp-content/uploads/2022/11/Maniram-Phuyal-1.jpg,3672,7.2%,कुन्ती देवी पोखरेल(उपाध्याय),https://election-2079.onlinekhabar.com/wp-content/uploads/2022/11/kunti-pokhrel-1.jpg,https://election.onlinekhabar.com/central-chetra/?chetra_id=88
3,बागमती प्रदेश,306,काठमाडौं,3063,37517,37319,काठमाडौं-3,सन्तोष चालिसे,M,64,60+,2,नेपाली काँग्रेस,https://election-2079.onlinekhabar.com/wp-content/uploads/2022/11/Santosh-chalesi.jpg,1,M,48,41-60,15158,40.6%,1,कृष्‍ण बहादुर राई,M,53,41-60,1,नेपाल कम्युनिष्ट पार्टी (एमाले),11196,30.0%,2,https://election-2079.onlinekhabar.com/wp-content/uploads/2022/11/krishna-rai.jpg,3962,10.6%,दुर्गा बिक्रम थापा क्षेत्री,https://election-2079.onlinekhabar.com/wp-content/uploads/2022/11/Durga-Bikram-Thapa-_.jpg,https://election.onlinekhabar.com/central-chetra/?chetra_id=89
3,बागमती प्रदेश,306,काठमाडौं,3064,43535,44039,काठमाडौं-4,गगन कुमार थापा,M,46,41-60,2,नेपाली काँग्रेस,https://election-2079.onlinekhabar.com/wp-content/uploads/2022/11/Gagan-Thapa-1.jpg,2,M,41,41-60,21302,48.4%,1,राजन भट्टराई,M,54,41-60,1,नेपाल कम्युनिष्ट पार्टी (एमाले),13855,31.5%,2,https://election-2079.onlinekhabar.com/wp-content/uploads/2022/11/Rajan-Bhattarai-1.jpg,7447,16.9%,डा ठाकुर मोहन श्रेष्ठ,https://election-2079.onlinekhabar.com/wp-content/uploads/2022/11/DrThakur-Mohan-Shrestha-1.jpg,https://election.onlinekhabar.com/central-chetra/?chetra_id=90
3,बागमती प्रदेश,306,काठमाडौं,3065,44710,44316,काठमाडौं-5,प्रदीप पौडेल,M,47,41-60,2,नेपाली काँग्रेस,https://election-2079.onlinekhabar.com/wp-content/uploads/2022/11/Pradeep-paudel-_.jpg,1,M,63,60+,15269,34.5%,1,इश्वर पोखरेल,M,68,60+,1,नेपाल कम्युनिष्ट पार्टी (एमाले),10190,23.0%,2,https://election-2079.onlinekhabar.com/wp-content/uploads/2022/11/Ishwor-pokharel-1.jpg,5079,11.5%,डा.प्रणय शम्शेर   राणा,https://election-2079.onlinekhabar.com/wp-content/uploads/2022/11/Pranaya-Samsher-Rana-1.jpg,https://election.onlinekhabar.com/central-chetra/?chetra_id=91
3,बागमती प्रदेश,306,काठमाडौं,3066,39268,37411,काठमाडौं-6,शिशिर  खनाल,M,43,41-60,93,राष्ट्रिय स्वतन्त्र पार्टी,https://election-2079.onlinekhabar.com/wp-content/uploads/2022/11/shishir-khanal_.jpg,2,M,64,60+,14221,38.0%,1,सर्वेन्द्र खनाल,M,56,41-60,1,नेपाल कम्युनिष्ट पार्टी (एमाले),8917,23.8%,2,https://election-2079.onlinekhabar.com/wp-content/uploads/2022/11/Sarbendra-khanal-1.jpg,5304,14.2%,भिमसेन दास प्रधान,https://election-2079.onlinekhabar.com/wp-content/uploads/2022/11/Vimsen-Das-Pardhan.jpg,https://election.onlinekhabar.com/central-chetra/?chetra_id=92
3,बागमती प्रदेश,306,काठमाडौं,3067,37415,36061,काठमाडौं-7,गणेश पराजुली,M,43,41-60,93,राष्ट्रिय स्वतन्त्र पार्टी,https://election-2079.onlinekhabar.com/wp-content/uploads/2022/11/Ganesh-Parajuli.jpg,1,M,54,41-60,8743,24.2%,1,श्‍याम कुमार घिमिरे,M,68,60+,1,नेपाल कम्युनिष्ट पार्टी (एमाले),6800,18.9%,2,https://election-2079.onlinekhabar.com/wp-content/uploads/2022/11/Shyam-ghimire-1.jpg,1943,5.4%,अस्मिता सिहं (मानुषी) यमि भट्टराई,https://election-2079.onlinekhabar.com/wp-content/uploads/2022/11/Manushi-Bhattarai-1.jpg,https://election.onlinekhabar.com/central-chetra/?chetra_id=93
3,बागमती प्रदेश,306,काठमाडौं,3068,32091,30674,काठमाडौं-8,विराज भक्त श्रेष्ठ,M,41,41-60,93,राष्ट्रिय स्वतन्त्र पार्टी,https://election-2079.onlinekhabar.com/wp-content/uploads/2022/11/biraj-vhakta-shrestha-1.jpg,1,M,51,41-60,10112,33.0%,1,सुमन सायमी,M,49,41-60,38,हाम्रो नेपाली पार्टी,6179,20.1%,2,https://election-2079.onlinekhabar.com/wp-content/uploads/2022/11/Suman-sayami-1.jpg,3933,12.8%,जीवन राम श्रेष्‍ठ,https://election-2079.onlinekhabar.com/wp-content/uploads/2022/11/Jiwanram-shrestha_.jpg,https://election.onlinekhabar.com/central-chetra/?chetra_id=94
3,बागमती प्रदेश,306,काठमाडौं,3069,45074,42517,काठमाडौं-9,कृष्ण गोपाल श्रेष्ठ,M,64,60+,1,नेपाल कम्युनिष्ट पार्टी (एमाले),https://election-2079.onlinekhabar.com/wp-content/uploads/2022/11/Krishna-Gopal-Shrestha.jpg,1,M,59,41-60,11956,28.1%,1,टेक बहादुर पोखरेल,M,58,41-60,93,राष्ट्रिय स्वतन्त्र पार्टी,10961,25.8%,2,https://election.onlinekhabar.com/wp-content/uploads/2022/11/Tek-Bahadur-Pokharel-Prabhuram-_.jpg,995,2.3%,कल्पना धमला,https://election-2079.onlinekhabar.com/wp-content/uploads/2022/11/Kalpana_Dhamala-1.jpg,https://election.onlinekhabar.com/central-chetra/?chetra_id=95
3,बागमती प्रदेश,306,काठमाडौं,30610,53341,51155,काठमाडौं-10,राजेन्द्र कुमार के.सी.,M,64,60+,2,नेपाली काँग्रेस,https://election-2079.onlinekhabar.com/wp-content/uploads/2022/11/rajendra-kc.jpg,2,M,59,41-60,14463,28.3%,1,हिमेस के.सी,M,39,21-40,1,नेपाल कम्युनिष्ट पार्टी (एमाले),11791,23.0%,2,https://election.onlinekhabar.com/wp-content/uploads/2022/11/Himesh-Kc.jpg,2672,5.2%,प्रदिप विष्‍ट,https://election-2079.onlinekhabar.com/wp-content/uploads/2022/11/Pradeep-bista.jpg,https://election.onlinekhabar.com/central-chetra/?chetra_id=96
3,बागमती प्रदेश,307,भक्तपुर,3071,70465,71709,भक्तपुर-1,प्रेम सुवाल,M,62,60+,10,नेपाल मजदुर किसान पार्टी,https://election-2079.onlinekhabar.com/wp-content/uploads/2022/11/Prem-Suwal.jpg,1,M,57,41-60,42761,59.6%,1,नवराज गेलाल,M,57,41-60,1,नेपाल कम्युनिष्ट पार्टी (एमाले),11968,16.7%,2,https://election-2079.onlinekhabar.com/wp-content/uploads/2022/11/nabaraj.jpg,30793,42.9%,भरत बहादुर खड्का,https://election-2079.onlinekhabar.com/wp-content/uploads/2022/11/bharat-bahadur-khadka-_.jpg,https://election.onlinekhabar.com/central-chetra/?chetra_id=73
3,बागमती प्रदेश,307,भक्तपुर,3072,63109,63693,भक्तपुर-2,दुर्लभ थापा क्षेत्री,M,54,41-60,2,नेपाली काँग्रेस,https://election-2079.onlinekhabar.com/wp-content/uploads/2022/11/Durlav-Thapa.jpg,1,M,42,41-60,24239,38.1%,1,महेश बस्नेत,M,47,41-60,1,नेपाल कम्युनिष्ट पार्टी (एमाले),23282,36.6%,2,https://election-2079.onlinekhabar.com/wp-content/uploads/2022/11/Mahesh-Basnet-1.jpg,957,1.5%,अनुराधा थापा मगर,https://election-2079.onlinekhabar.com/wp-content/uploads/2022/11/anuradha-thapa-_.jpg,https://election.onlinekhabar.com/central-chetra/?chetra_id=74
3,बागमती प्रदेश,308,ललितपुर,3081,49115,48781,ललितपुर-1,उदय शंशेर ज.ब.राणा,M,52,41-60,2,नेपाली काँग्रेस,https://election-2079.onlinekhabar.com/wp-content/uploads/2022/11/Udaya-sahser-rana.jpg,1,M,54,41-60,23892,49.0%,1,नव राज सिलवाल,M,59,41-60,1,नेपाल कम्युनिष्ट पार्टी (एमाले),19278,39.5%,2,https://election-2079.onlinekhabar.com/wp-content/uploads/2022/11/Nabaraj-Silwal.jpg,4614,9.5%,सचिन कुमार घिमिरे,https://election-2079.onlinekhabar.com/wp-content/uploads/2022/11/Sachin-ghemira.jpg,https://election.onlinekhabar.com/central-chetra/?chetra_id=81
3,बागमती प्रदेश,308,ललितपुर,3082,52807,51355,ललितपुर-2,प्रेम बहादुर महर्जन,M,56,41-60,1,नेपाल कम्युनिष्ट पार्टी (एमाले),https://election.onlinekhabar.com/wp-content/uploads/2022/11/prem-maharjan-1.jpg,1,M,62,60+,15025,29.3%,1,सुदिन शाक्य,M,45,41-60,38,हाम्रो नेपाली पार्टी,8886,17.3%,2,https://election-2079.onlinekhabar.com/wp-content/uploads/2022/11/sudin-shakya-_.jpg,6139,12.0%,बुद्ध रत्न महर्जन,https://election-2079.onlinekhabar.com/wp-content/uploads/2022/11/buddharatna-maharjan-_.jpg,https://election.onlinekhabar.com/central-chetra/?chetra_id=82
3,बागमती प्रदेश,308,ललितपुर,3083,59214,58145,ललितपुर-3,तोसीमा कार्की,F,33,21-40,93,राष्ट्रिय स्वतन्त्र पार्टी,https://election-2079.onlinekhabar.com/wp-content/uploads/2022/11/Dr-Tosima-Karki.jpg,3,F,55,41-60,31136,53.5%,1,अमृत खड्का,M,49,41-60,1,नेपाल कम्युनिष्ट पार्टी (एमाले),12963,22.3%,2,https://election-2079.onlinekhabar.com/wp-content/uploads/2022/11/amrik-khadka.jpg,18173,31.3%,पम्फा भुसाल,https://election-2079.onlinekhabar.com/wp-content/uploads/2022/11/Pamfa-Bhusal-1.jpg,https://election.onlinekhabar.com/central-chetra/?chetra_id=83
3,बागमती प्रदेश,309,काभ्रेपलाञ्चोक,3091,89343,79046,काभ्रेपलाञ्चोक-1,सुर्य मान तामाङ (दोङ),M,52,41-60,3,नेपाल कम्युनिष्ट पार्टी (माओवादी केन्द्र)(एकल चुनाव चिन्ह),https://election-2079.onlinekhabar.com/wp-content/uploads/2022/11/Surya-man-thanag.jpg,3,M,46,41-60,34512,43.7%,1,रेशम बहादुर लामा,M,50,41-60,1,नेपाल कम्युनिष्ट पार्टी (एमाले),30548,38.6%,2,https://election-2079.onlinekhabar.com/wp-content/uploads/2022/11/resham-lama.jpg,3964,5.0%,बसु नारायण श्रेष्‍ठ,https://election-2079.onlinekhabar.com/wp-content/uploads/2022/11/Basu-Narayan-Shrestha.jpg,https://election.onlinekhabar.com/central-chetra/?chetra_map_id=kabrepalanchok1
3,बागमती प्रदेश,309,काभ्रेपलाञ्चोक,3092,96556,99225,काभ्रेपलाञ्चोक-2,गोकुल प्रसाद वाँस्कोटा,M,52,41-60,1,नेपाल कम्युनिष्ट पार्टी (एमाले),https://election-2079.onlinekhabar.com/wp-content/uploads/2022/11/Gokul-Baskota.jpg,1,M,47,41-60,45345,45.7%,1,शिव प्रसाद हुमागाई,M,61,60+,2,नेपाली काँग्रेस,39482,39.8%,2,https://election-2079.onlinekhabar.com/wp-content/uploads/2022/11/Shiva-humangai.jpg,5863,5.9%,दिनेश हुमागाई,https://election-2079.onlinekhabar.com/wp-content/uploads/2022/11/Dinesh-humangain.jpg,https://election.onlinekhabar.com/central-chetra/?chetra_map_id=kabrepalanchok2
3,बागमती प्रदेश,310,रामेछाप,3101,83130,83899,रामेछाप-1,पुर्ण वहादुर तमाङ्ग,M,57,41-60,2,नेपाली काँग्रेस,https://election-2079.onlinekhabar.com/wp-content/uploads/2022/11/Purna-man-tamang-1.jpg,3,M,45,41-60,47099,56.1%,1,कैलाश प्रसाद ढुंगेल,M,62,60+,1,नेपाल कम्युनिष्ट पार्टी (एमाले),30730,36.6%,2,https://election-2079.onlinekhabar.com/wp-content/uploads/2022/11/Kailash-Dhungel-1.jpg,16369,19.5%,लाल वहादुर घिसिङ,https://election-2079.onlinekhabar.com/wp-content/uploads/2022/11/Lal-bahadur-Ghising-_.jpg,https://election.onlinekhabar.com/central-chetra/?chetra_map_id=ramechap1
3,बागमती प्रदेश,311,सिन्धुली,3111,57161,60420,सिन्धुली-1,श्‍याम कुमार घिमिरे,M,58,41-60,2,नेपाली काँग्रेस,https://election-2079.onlinekhabar.com/wp-content/uploads/2022/11/Shyam-ghimire-2.jpg,1,M,47,41-60,30391,50.3%,1,प्रदिप कुमार कटुवाल क्षेत्री (के सी),M,60,41-60,1,नेपाल कम्युनिष्ट पार्टी (एमाले),25546,42.3%,2,https://election-2079.onlinekhabar.com/wp-content/uploads/2022/11/Pradip-katuwa.jpg,4845,8.0%,मेनुका ठकुरी,https://election-2079.onlinekhabar.com/wp-content/uploads/2022/11/Maunka-thakuri.jpg,https://election.onlinekhabar.com/central-chetra/?chetra_map_id=sindhuli1
3,बागमती प्रदेश,311,सिन्धुली,3112,51257,53491,सिन्धुली-2,लेख नाथ दाहाल,M,46,41-60,3,नेपाल कम्युनिष्ट पार्टी (माओवादी केन्द्र)(एकल चुनाव चिन्ह),https://election-2079.onlinekhabar.com/wp-content/uploads/2022/11/Rajan-dahal.jpg,3,M,62,60+,27517,51.4%,1,मनोज जंग थापा,M,54,41-60,1,नेपाल कम्युनिष्ट पार्टी (एमाले),21687,40.5%,2,https://election-2079.onlinekhabar.com/wp-content/uploads/2022/11/Manoj-jung-thapa.jpg,5830,10.9%,अनोज कुमार दाहाल,https://election-2079.onlinekhabar.com/wp-content/uploads/2022/11/Anoj-kumar-dahal.jpeg,https://election.onlinekhabar.com/central-chetra/?chetra_map_id=sindhuli2
3,बागमती प्रदेश,312,मकवानपुर,3121,79726,87174,मकवानपुर-1,दिपक बहादुर सिंह,M,61,60+,4,राष्ट्रिय प्रजातन्त्र पार्टी,https://election-2079.onlinekhabar.com/wp-content/uploads/2022/11/Deepak-Singh.jpg,1,M,54,41-60,27851,31.9%,1,महालक्ष्मी उपाध्याय(डिना),F,58,41-60,2,नेपाली काँग्रेस,25464,29.2%,2,https://election-2079.onlinekhabar.com/wp-content/uploads/2022/11/Mahalaxmi-dina.jpg,2387,2.7%,कमल थापा,https://election-2079.onlinekhabar.com/wp-content/uploads/2022/11/kamal-thapa.jpg,https://election.onlinekhabar.com/central-chetra/?chetra_map_id=makwanpur1
3,बागमती प्रदेश,312,मकवानपुर,3122,82645,82294,मकवानपुर-2,महेश कुमार वर्तौला,M,40,21-40,1,नेपाल कम्युनिष्ट पार्टी (एमाले),https://election-2079.onlinekhabar.com/wp-content/uploads/2022/11/Mahesh-Bartaula.jpg,1,M,57,41-60,34950,42.5%,1,विरोध खतिवडा,M,62,60+,38,नेपाल कम्युनिष्ट पार्टी (एकिकृत समाजबादी),30432,37.0%,2,https://election-2079.onlinekhabar.com/wp-content/uploads/2022/11/Birodh-khatiwada.jpg,4518,5.5%,भरत पराजुली,https://election-2079.onlinekhabar.com/wp-content/uploads/2022/11/Bharat-parajuli.jpg,https://election.onlinekhabar.com/central-chetra/?chetra_map_id=makwanpur2
3,बागमती प्रदेश,313,चितवन,3131,87904,91514,चितवन-1,हरि ढकाल,M,39,21-40,93,राष्ट्रिय स्वतन्त्र पार्टी,https://election-2079.onlinekhabar.com/wp-content/uploads/2022/11/hari-dhakal.jpg,1,M,59,41-60,34218,37.4%,1,सुरेन्द्र प्रसाद पाण्डे,M,64,60+,1,नेपाल कम्युनिष्ट पार्टी (एमाले),26634,29.1%,2,https://election-2079.onlinekhabar.com/wp-content/uploads/2022/11/Surendra-pandey-1.jpg,7584,8.3%,विश्‍वनाथ पौडेल,https://election-2079.onlinekhabar.com/wp-content/uploads/2022/11/biswo-nath-poudel-.jpg,https://election.onlinekhabar.com/central-chetra/?chetra_map_id=chitwan1
3,बागमती प्रदेश,313,चितवन,3132,74931,80753,चितवन-2,रबि लामिछाने,M,47,41-60,93,राष्ट्रिय स्वतन्त्र पार्टी,https://election-2079.onlinekhabar.com/wp-content/uploads/2022/11/ravi-lamichhane-_.jpg,1,M,50,41-60,49300,61.1%,1,उमेश श्रेष्ठ,M,66,60+,2,नेपाली काँग्रेस,14988,18.6%,2,https://election-2079.onlinekhabar.com/wp-content/uploads/2022/11/umesh-shreshtha-_.jpg,34312,42.5%,कृष्ण भक्त पोख्रेल,https://election-2079.onlinekhabar.com/wp-content/uploads/2022/11/krishna-bhakta-pokhrel_.jpg,https://election.onlinekhabar.com/central-chetra/?chetra_map_id=chitwan2
3,बागमती प्रदेश,313,चितवन,3133,90293,89529,चितवन-3,विक्रम पाण्डे,M,69,60+,4,राष्ट्रिय प्रजातन्त्र पार्टी,https://election-2079.onlinekhabar.com/wp-content/uploads/2022/11/Bikram-pandey-1.jpg,3,M,61,60+,35060,39.2%,1,भोज राज अधिकारी,M,42,41-60,3,नेपाल कम्युनिष्ट पार्टी (माओवादी केन्द्र)(एकल चुनाव चिन्ह),25824,28.8%,2,https://election-2079.onlinekhabar.com/wp-content/uploads/2022/11/dr.-bhojraj-adhikari.jpg,9236,10.3%,जीता वराल,https://election-2079.onlinekhabar.com/wp-content/uploads/2022/11/jita-baral_.jpg,https://election.onlinekhabar.com/central-chetra/?chetra_id=86
4,गण्डकी प्रदेश,401,गोरखा,4011,59284,57231,गोरखा-1,राजेन्द्र बजगाई,M,49,41-60,2,नेपाली काँग्रेस,https://election-2079.onlinekhabar.com/wp-content/uploads/2022/11/rajendra-bajagain-_.jpg,3,M,49,41-60,33428,58.4%,1,राम शरण वस्नेत,M,60,41-60,1,नेपाल कम्युनिष्ट पार्टी (एमाले),16785,29.3%,2,https://election-2079.onlinekhabar.com/wp-content/uploads/2022/11/ramsharan-basnet.jpg,16643,29.1%,सुवर्ण रोकाहा,https://election-2079.onlinekhabar.com/wp-content/uploads/2022/11/subarna-rokaha.jpg,https://election.onlinekhabar.com/central-chetra/?chetra_map_id=gorkha1
4,गण्डकी प्रदेश,401,गोरखा,4012,57479,50918,गोरखा-2,पुष्प कमल दाहाल {प्रचन्ड},M,66,60+,3,नेपाल कम्युनिष्ट पार्टी (माओवादी केन्द्र)(एकल चुनाव चिन्ह),https://election-2079.onlinekhabar.com/wp-content/uploads/2022/11/Puspa-Kamal-Dahal.jpg,34,M,63,60+,26109,51.3%,1,कविन्द्र बुर्लाकोटी,M,42,41-60,93,राष्ट्रिय स्वतन्त्र पार्टी,12639,24.8%,2,https://election-2079.onlinekhabar.com/wp-content/uploads/2022/11/Kabindra-burlakoti-_.jpg,13470,26.5%,अब्दुस सलाम मिया,https://election-2079.onlinekhabar.com/wp-content/uploads/2022/11/Abdus-miya.jpg,https://election.onlinekhabar.com/central-chetra/?chetra_map_id=gorkha2
4,गण्डकी प्रदेश,402,मनाङ्ग,4021,4321,4827,मनाङ्ग-1,टेक बहादुर गुरुङ,M,67,60+,2,नेपाली काँग्रेस,https://election-2079.onlinekhabar.com/wp-content/uploads/2022/11/tek-bahadur-gurung-_.jpg,1,M,58,41-60,2575,53.3%,1,पोल्देन छोपाङ गुरुङ्ग,M,63,60+,1,नेपाल कम्युनिष्ट पार्टी (एमाले),2247,46.6%,2,https://election-2079.onlinekhabar.com/wp-content/uploads/2022/11/palden-chhopang-gurung-_.jpg,328,6.8%,मुख्या गुरुङ,https://election-2079.onlinekhabar.com/wp-content/uploads/2022/11/Mukhiya-Gurung.jpg,https://election.onlinekhabar.com/central-chetra/?chetra_map_id=manang1
4,गण्डकी प्रदेश,403,मुस्तांग,4031,6725,7170,मुस्तांग-1,योगेश गौचन  थकाली,M,29,21-40,2,नेपाली काँग्रेस,https://election-2079.onlinekhabar.com/wp-content/uploads/2022/11/yogesh-gauchan-_.jpg,1,M,55,41-60,3992,55.7%,1,प्रेम प्रसाद तुलाचन,M,60,41-60,1,नेपाल कम्युनिष्ट पार्टी (एमाले),3078,42.9%,2,https://election-2079.onlinekhabar.com/wp-content/uploads/2022/11/pram-prasad-tulachan-_.jpg,914,12.7%,सुदेश गुरुङ,https://election-2079.onlinekhabar.com/wp-content/uploads/2022/11/sudesh-gurung.jpg,https://election.onlinekhabar.com/central-chetra/?chetra_map_id=mustang1
4,गण्डकी प्रदेश,404,म्याग्दी,4041,44979,47614,म्याग्दी-1,खम बहादुर गर्बुजा,M,57,41-60,2,नेपाली काँग्रेस,https://election-2079.onlinekhabar.com/wp-content/uploads/2022/11/Kham-bahadur-kharbuja-_.jpg,1,M,50,41-60,24021,50.4%,1,हरीकृष्ण श्रेष्ठ,M,57,41-60,1,नेपाल कम्युनिष्ट पार्टी (एमाले),20189,42.4%,2,https://election-2079.onlinekhabar.com/wp-content/uploads/2022/11/hari-krishna-shrestha-_.jpg,3832,8.0%,हरी बहादुर खत्री क्षेत्री,https://election-2079.onlinekhabar.com/wp-content/uploads/2022/11/hari-kc.jpg,https://election.onlinekhabar.com/central-chetra/?chetra_map_id=myagdi1
4,गण्डकी प्रदेश,405,कास्की,4051,67486,65137,कास्की-1,मन बहादुर गुरुङ्ग,M,56,41-60,1,नेपाल कम्युनिष्ट पार्टी (एमाले),https://election-2079.onlinekhabar.com/wp-content/uploads/2022/11/%E0%A4%AE%E0%A4%A8-%E0%A4%AC%E0%A4%B9%E0%A4%BE%E0%A4%A6%E0%A5%81%E0%A4%B0-%E0%A4%97%E0%A5%81%E0%A4%B0%E0%A5%81%E0%A4%99%E0%A5%8D%E0%A4%97.jpg,1,M,55,41-60,25708,39.5%,1,किशोर दत्त बराल,M,57,41-60,2,नेपाली काँग्रेस,23189,35.6%,2,https://election-2079.onlinekhabar.com/wp-content/uploads/2022/11/%E0%A4%95%E0%A4%BF%E0%A4%B6%E0%A5%8B%E0%A4%B0-%E0%A4%A6%E0%A4%A4%E0%A5%8D%E0%A4%A4-%E0%A4%AC%E0%A4%B0%E0%A4%BE%E0%A4%B2.jpg,2519,3.9%,राजु राई,https://election-2079.onlinekhabar.com/wp-content/uploads/2022/11/raju-rai.jpg,https://election.onlinekhabar.com/central-chetra/?chetra_map_id=kaski1
4,गण्डकी प्रदेश,405,कास्की,4052,48449,47156,कास्की-2,विधा भटटराई,F,49,41-60,1,नेपाल कम्युनिष्ट पार्टी (एमाले),https://election-2079.onlinekhabar.com/wp-content/uploads/2022/11/%E0%A4%B5%E0%A4%BF%E0%A4%A7%E0%A4%BE-%E0%A4%AD%E0%A4%9F%E0%A4%9F%E0%A4%B0%E0%A4%BE%E0%A4%88.jpg,1,M,49,41-60,16998,36.0%,1,माधव प्रसाद कंडेल,M,53,41-60,93,राष्ट्रिय स्वतन्त्र पार्टी,12495,26.5%,2,https://election-2079.onlinekhabar.com/wp-content/uploads/2022/11/Madhav-p-kandel.jpg,4503,9.5%,श्रीनाथ वराल,https://election-2079.onlinekhabar.com/wp-content/uploads/2022/11/Shree-Nath-Baral.jpg,https://election.onlinekhabar.com/central-chetra/?chetra_map_id=kaski2
4,गण्डकी प्रदेश,405,कास्की,4053,59696,58051,कास्की-3,दामोदर पौडेल वैरागी,M,56,41-60,1,नेपाल कम्युनिष्ट पार्टी (एमाले),https://election-2079.onlinekhabar.com/wp-content/uploads/2022/11/Damodar-Poudel.jpg,1,M,43,41-60,22980,39.6%,1,रामजी प्रसाद बराल जीवन,M,56,41-60,3,नेपाल कम्युनिष्ट पार्टी (माओवादी केन्द्र)(एकल चुनाव चिन्ह),17535,30.2%,2,https://election-2079.onlinekhabar.com/wp-content/uploads/2022/11/Ramji-Prasad-Baral-Jeevan.jpg,5445,9.4%,योग राज पौडेल,https://election-2079.onlinekhabar.com/wp-content/uploads/2022/11/Yograj-Poudel.jpg,https://election.onlinekhabar.com/central-chetra/?chetra_map_id=kaski3
4,गण्डकी प्रदेश,406,लमजुंग,4061,74580,77841,लमजुंग-1,पृथ्‍वी सुव्वा गुरुङ,M,64,60+,1,नेपाल कम्युनिष्ट पार्टी (एमाले),https://election-2079.onlinekhabar.com/wp-content/uploads/2022/11/prithvi-subba-gurung-1.jpg,3,M,59,41-60,34985,44.9%,1,देव प्रसाद गुरुङ,M,64,60+,3,नेपाल कम्युनिष्ट पार्टी (माओवादी केन्द्र)(एकल चुनाव चिन्ह),31791,40.8%,2,https://election-2079.onlinekhabar.com/wp-content/uploads/2022/11/Dev-Gurung-1.jpg,3194,4.1%,धर्म राज के.सी,https://election-2079.onlinekhabar.com/wp-content/uploads/2022/11/dharma-k-c.jpg,https://election.onlinekhabar.com/central-chetra/?chetra_map_id=lamjung1
4,गण्डकी प्रदेश,407,तनहुँ,4071,64331,62695,तनहुँ-1,रामचन्द्र पौडेल,M,78,60+,2,नेपाली काँग्रेस,https://election-2079.onlinekhabar.com/wp-content/uploads/2022/11/Ram-Chandra-Poudel.jpg,1,M,49,41-60,25361,40.5%,1,एक बहादुर राना मगर,M,63,60+,1,नेपाल कम्युनिष्ट पार्टी (एमाले),19981,31.9%,2,https://election-2079.onlinekhabar.com/wp-content/uploads/2022/11/Eak-Bahadur-Rana.jpg,5380,8.6%,गोविन्द राज जोशी,https://election-2079.onlinekhabar.com/wp-content/uploads/2022/11/Govinda-Raj-Joshi.jpg,https://election.onlinekhabar.com/central-chetra/?chetra_map_id=tanahu1
4,गण्डकी प्रदेश,407,तनहुँ,4072,65265,64236,तनहुँ-2,शंकर भण्डारी,M,54,41-60,2,नेपाली काँग्रेस,https://election-2079.onlinekhabar.com/wp-content/uploads/2022/11/Shankar-Bhandari.jpg,1,M,54,41-60,30604,47.6%,1,किरण गुरुङ,M,61,60+,1,नेपाल कम्युनिष्ट पार्टी (एमाले),25130,39.1%,2,https://election-2079.onlinekhabar.com/wp-content/uploads/2022/11/Kiran-Gurung.jpg,5474,8.5%,बिजय जोशी,https://election-2079.onlinekhabar.com/wp-content/uploads/2022/11/Bijay-Joshi.jpg,https://election.onlinekhabar.com/central-chetra/?chetra_map_id=tanahu2
4,गण्डकी प्रदेश,408,नवलपरासी (बर्दघाट सुस्ता पूर्व),4081,81224,82567,नवलपरासी (बर्दघाट सुस्ता पूर्व)-1,शशांक कोइराला,M,64,60+,2,नेपाली काँग्रेस,https://election-2079.onlinekhabar.com/wp-content/uploads/2022/11/Shashanka-Koirala-1.jpg,2,M,59,41-60,27067,32.8%,1,कृष्‍ण प्रसाद पौडेल,M,58,41-60,1,नेपाल कम्युनिष्ट पार्टी (एमाले),25047,30.3%,2,https://election-2079.onlinekhabar.com/wp-content/uploads/2022/11/krisna-prasad-paudle.jpg,2020,2.4%,राजन गौतम,https://election-2079.onlinekhabar.com/wp-content/uploads/2022/11/rajan-gautam.jpg,https://election.onlinekhabar.com/central-chetra/?chetra_map_id=nawalpur1
4,गण्डकी प्रदेश,408,नवलपरासी (बर्दघाट सुस्ता पूर्व),4082,78348,81626,नवलपरासी (बर्दघाट सुस्ता पूर्व)-2,विष्णु कुमार कार्की,M,59,41-60,2,नेपाली काँग्रेस,https://election-2079.onlinekhabar.com/wp-content/uploads/2022/11/bisnu-kumar-karki-1.jpg,1,M,53,41-60,36132,44.3%,1,तिल बहादुर महत क्षेत्री,M,58,41-60,1,नेपाल कम्युनिष्ट पार्टी (एमाले),34110,41.8%,2,https://election-2079.onlinekhabar.com/wp-content/uploads/2022/11/tilak-mahat.jpg,2022,2.5%,शालिक राम न्यौपाने,https://election-2079.onlinekhabar.com/wp-content/uploads/2022/11/salikram-neupane.jpg,https://election.onlinekhabar.com/central-chetra/?chetra_map_id=nawalpur2
4,गण्डकी प्रदेश,409,स्याङ्जा,4091,68476,68594,स्याङ्जा-1,राजु थापा,M,43,41-60,2,नेपाली काँग्रेस,https://election-2079.onlinekhabar.com/wp-content/uploads/2022/11/Raju-Thapa.jpg,1,M,49,41-60,31999,46.6%,1,नारायण प्रसाद मरासिनी,M,54,41-60,1,नेपाल कम्युनिष्ट पार्टी (एमाले),28744,41.9%,2,https://election-2079.onlinekhabar.com/wp-content/uploads/2022/11/Narayan-Marasaini.jpg,3255,4.7%,बोधराज रेग्मी,https://election.onlinekhabar.com/wp-content/themes/election-2079/assets/img/user-avatar.jpg,https://election.onlinekhabar.com/central-chetra/?chetra_map_id=syangja1
4,गण्डकी प्रदेश,409,स्याङ्जा,4092,67655,67657,स्याङ्जा-2,धनराज गुरुङ्ग,M,55,41-60,2,नेपाली काँग्रेस,https://election-2079.onlinekhabar.com/wp-content/uploads/2022/11/Dhanraj-Gurung-1.jpg,1,F,48,41-60,31466,46.5%,1,पद्‍मा कुमारी अर्याल,F,53,41-60,1,नेपाल कम्युनिष्ट पार्टी (एमाले),25839,38.2%,2,https://election-2079.onlinekhabar.com/wp-content/uploads/2022/11/Padma-Aryal-1.jpg,5627,8.3%,टिक राज गुरुङ्ग,https://election-2079.onlinekhabar.com/wp-content/uploads/2022/11/Tikaraj-Gurung.jpg,https://election.onlinekhabar.com/central-chetra/?chetra_map_id=syangja2
4,गण्डकी प्रदेश,410,पर्वत,4101,67582,63716,पर्वत-1,पदम गिरी,M,45,41-60,1,नेपाल कम्युनिष्ट पार्टी (एमाले),https://election-2079.onlinekhabar.com/wp-content/uploads/2022/11/padam-giri-1.jpg,1,M,40,21-40,29872,46.9%,1,अर्जुन प्रसाद जोशी,M,66,60+,2,नेपाली काँग्रेस,27609,43.3%,2,https://election-2079.onlinekhabar.com/wp-content/uploads/2022/11/arjun-josi-_.jpg,2263,3.6%,जाल बहादुर पुर्जा पुन,https://election-2079.onlinekhabar.com/wp-content/uploads/2022/11/Jal-bahadur-Purja.jpg,https://election.onlinekhabar.com/central-chetra/?chetra_id=101
4,गण्डकी प्रदेश,411,बागलुङ,4111,54936,50723,बागलुङ-1,चित्र बहादुर के.सी.,M,80,60+,8,राष्ट्रिय जनमोर्चा,https://election-2079.onlinekhabar.com/wp-content/uploads/2022/11/Chitra-Bahadur-Kc.jpg,1,M,41,41-60,21464,42.3%,1,सुर्य प्रसाद पाठक,M,46,41-60,1,नेपाल कम्युनिष्ट पार्टी (एमाले),18845,37.2%,2,https://election-2079.onlinekhabar.com/wp-content/uploads/2022/11/surya-Pathak-1.jpg,2619,5.2%,खिमानन्द कँडेल,https://election-2079.onlinekhabar.com/wp-content/uploads/2022/11/khimananda-kandel.jpg,https://election.onlinekhabar.com/central-chetra/?chetra_map_id=baglung1
4,गण्डकी प्रदेश,411,बागलुङ,4112,49760,48090,बागलुङ-2,देवेन्द्र पौडेल,M,57,41-60,3,नेपाल कम्युनिष्ट पार्टी (माओवादी केन्द्र)(एकल चुनाव चिन्ह),https://election-2079.onlinekhabar.com/wp-content/uploads/2022/11/Debendra-Poudel-1.jpg,3,M,52,41-60,24794,51.6%,1,मन्जु शर्मा,F,48,41-60,1,नेपाल कम्युनिष्ट पार्टी (एमाले),20193,42.0%,2,https://election-2079.onlinekhabar.com/wp-content/uploads/2022/11/Manju-Sharma.jpg,4601,9.6%,तिला खत्री,https://election-2079.onlinekhabar.com/wp-content/uploads/2022/11/Tila-Khatri.jpg,https://election.onlinekhabar.com/central-chetra/?chetra_map_id=baglung2
5,लुम्बिनी प्रदेश,501,रुकुम पूर्व,5011,16926,19722,रुकुम पूर्व-1,पूर्ण बहादुर घर्ति मगर,M,55,41-60,3,नेपाल कम्युनिष्ट पार्टी (माओवादी केन्द्र)(एकल चुनाव चिन्ह),https://election-2079.onlinekhabar.com/wp-content/uploads/2022/11/purna-bahadur-gharti-magar-_-1.jpg,3,F,41,41-60,12262,62.2%,1,कैलाश कुमार मल्ल,M,47,41-60,1,नेपाल कम्युनिष्ट पार्टी (एमाले),5211,26.4%,2,https://election.onlinekhabar.com/wp-content/uploads/2022/11/kailash-kumar-malla-_.jpg,7051,35.8%,चन्द्रराज झाक्री,https://election.onlinekhabar.com/wp-content/themes/election-2079/assets/img/user-avatar.jpg,https://election.onlinekhabar.com/central-chetra/?chetra_map_id=rukum1
5,लुम्बिनी प्रदेश,502,रोल्पा,5021,65296,61710,रोल्पा-1,बर्षमान पुन,M,51,41-60,3,नेपाल कम्युनिष्ट पार्टी (माओवादी केन्द्र)(एकल चुनाव चिन्ह),https://election-2079.onlinekhabar.com/wp-content/uploads/2022/11/Barshaman-Pun-1.jpg,3,M,46,41-60,41714,67.6%,1,पूर्ण बुढामगर,M,36,21-40,1,नेपाल कम्युनिष्ट पार्टी (एमाले),16485,26.7%,2,https://election-2079.onlinekhabar.com/wp-content/uploads/2022/11/purna-budha-magar-_.jpg,25229,40.9%,लीला रावल,https://election.onlinekhabar.com/wp-content/themes/election-2079/assets/img/user-avatar.jpg,https://election.onlinekhabar.com/central-chetra/?chetra_map_id=rolpa1
5,लुम्बिनी प्रदेश,503,प्यूठान,5031,82646,83283,प्यूठान-1,सूर्य बहादुर  थापा क्षेत्री,M,48,41-60,1,नेपाल कम्युनिष्ट पार्टी (एमाले),https://election-2079.onlinekhabar.com/wp-content/uploads/2022/11/surya-thapa.jpg,8,F,46,41-60,41118,49.4%,1,दुर्गा पौडेल,F,51,41-60,4,राष्ट्रिय जनमोर्चा,35814,43.0%,2,https://election-2079.onlinekhabar.com/wp-content/uploads/2022/11/Durga-paudel.jpg,5304,6.4%,कृष्ण प्रसाद पोख्रेल,https://election-2079.onlinekhabar.com/wp-content/uploads/2022/11/Krishna-Prasad-Pokhrel.jpg,https://election.onlinekhabar.com/central-chetra/?chetra_map_id=pyuthan1
5,लुम्बिनी प्रदेश,504,गुल्मी,5041,68849,68664,गुल्मी-1,चन्द्रकान्त भण्डारी,M,61,60+,2,नेपाली काँग्रेस,https://election-2079.onlinekhabar.com/wp-content/uploads/2022/11/chandra-kanta-bhadari.jpg,1,M,56,41-60,33744,49.1%,1,प्रदिप कुमार ज्ञवाली,M,61,60+,1,नेपाल कम्युनिष्ट पार्टी (एमाले),32152,46.8%,2,https://election-2079.onlinekhabar.com/wp-content/uploads/2022/11/Pradeep-gyawali.jpg,1592,2.3%,दामोदर भण्डारी,https://election-2079.onlinekhabar.com/wp-content/uploads/2022/11/Damodhar-bhandari.jpg,https://election.onlinekhabar.com/central-chetra/?chetra_map_id=gulmi1
5,लुम्बिनी प्रदेश,504,गुल्मी,5042,55851,56593,गुल्मी-2,गोकर्ण राज विष्‍ट,M,57,41-60,1,नेपाल कम्युनिष्ट पार्टी (एमाले),https://election-2079.onlinekhabar.com/wp-content/uploads/2022/11/gokarna-bista.jpg,1,M,52,41-60,28476,50.3%,1,राम कुमारी झाक्री,F,44,41-60,38,नेपाल कम्युनिष्ट पार्टी (एकिकृत समाजबादी),26441,46.7%,2,https://election-2079.onlinekhabar.com/wp-content/uploads/2022/11/Ramkumari-jhakri.jpg,2035,3.6%,कमला पुन,https://election.onlinekhabar.com/wp-content/themes/election-2079/assets/img/user-avatar.jpg,https://election.onlinekhabar.com/central-chetra/?chetra_map_id=gulmi2
5,लुम्बिनी प्रदेश,505,अर्घाखांची,5051,84892,87809,अर्घाखांची-1,टोप बहादुर रायमाझी,M,60,41-60,1,नेपाल कम्युनिष्ट पार्टी (एमाले),https://election-2079.onlinekhabar.com/wp-content/uploads/2022/11/Top-Bahadur-Rayamajhi.jpg,3,M,56,41-60,42675,48.6%,1,पुष्पा भुसाल (गौतम),F,61,60+,2,नेपाली काँग्रेस,40945,46.6%,2,https://election-2079.onlinekhabar.com/wp-content/uploads/2022/11/Pushpa-bhusal.jpg,1730,2.0%,हरी प्रसाद भुसाल,https://election-2079.onlinekhabar.com/wp-content/uploads/2022/11/hari-prasad-bhusal.jpg,https://election.onlinekhabar.com/central-chetra/?chetra_map_id=arghakhanchi1
5,लुम्बिनी प्रदेश,506,पाल्पा,5061,58156,56838,पाल्पा-1,नारायण प्रसाद आचार्य,M,52,41-60,1,नेपाल कम्युनिष्ट पार्टी (एमाले),https://election-2079.onlinekhabar.com/wp-content/uploads/2022/11/narayan-prasad-acharya.jpg,1,M,58,41-60,31103,54.7%,1,ज्ञान बहादुर गाहा,M,49,41-60,2,नेपाली काँग्रेस,20256,35.6%,2,https://election-2079.onlinekhabar.com/wp-content/uploads/2022/11/gyan-bahadur-gaha.jpg,10847,19.1%,विपिन कडेल,https://election-2079.onlinekhabar.com/wp-content/uploads/2022/11/Bipin-Kandel.jpg,https://election.onlinekhabar.com/central-chetra/?chetra_map_id=palpa1
5,लुम्बिनी प्रदेश,506,पाल्पा,5062,62142,62206,पाल्पा-2,ठाकुर प्रसाद गैरे,M,54,41-60,1,नेपाल कम्युनिष्ट पार्टी (एमाले),https://election-2079.onlinekhabar.com/wp-content/uploads/2022/11/thakur-gaire-1.jpg,1,M,62,60+,28645,46.0%,1,सोम प्रसाद पाण्डेय,M,67,60+,38,नेपाल कम्युनिष्ट पार्टी (एकिकृत समाजबादी),24899,40.0%,2,https://election-2079.onlinekhabar.com/wp-content/uploads/2022/11/Som-prasad-pandey-____.jpg,3746,6.0%,सोम प्रसाद गैरे,https://election.onlinekhabar.com/wp-content/themes/election-2079/assets/img/user-avatar.jpg,https://election.onlinekhabar.com/central-chetra/?chetra_map_id=palpa2
5,लुम्बिनी प्रदेश,507,नवलपरासी (बर्दघाट सुस्ता पश्चिम),5071,75782,79085,नवलपरासी (बर्दघाट सुस्ता पश्चिम)-1,विनोद कुमार चौधरी,M,67,60+,2,नेपाली काँग्रेस,https://election-2079.onlinekhabar.com/wp-content/uploads/2022/11/Binod-chaudhary-.jpg,1,M,58,41-60,29519,37.3%,1,हृदयेश त्रिपाठी,M,63,60+,69,"जनता प्रगतिशिल पार्टी, नेपाल",22328,28.2%,2,https://election-2079.onlinekhabar.com/wp-content/uploads/2022/11/Hridayesh-Tripathi.jpg,7191,9.1%,महेन्द्र सेन (ठकुरी),https://election-2079.onlinekhabar.com/wp-content/uploads/2022/11/mahendra-sen-thakuri.jpg,https://election.onlinekhabar.com/central-chetra/?chetra_map_id=parasi1
5,लुम्बिनी प्रदेश,507,नवलपरासी (बर्दघाट सुस्ता पश्चिम),5072,77916,83122,नवलपरासी (बर्दघाट सुस्ता पश्चिम)-2,धुब्र बहादुर प्रधान,M,73,60+,4,राष्ट्रिय प्रजातन्त्र पार्टी,https://election-2079.onlinekhabar.com/wp-content/uploads/2022/11/dhurba-pradhan-_.jpg,2,M,60,41-60,34764,41.8%,1,देवेन्‍द्र राज क‌ण्डेल,M,65,60+,2,नेपाली काँग्रेस,19594,23.6%,2,https://election-2079.onlinekhabar.com/wp-content/uploads/2022/11/debendra-raj-kadel-_.jpg,15170,18.3%,दिपेन्द्र कुमार अधिकारी,https://election-2079.onlinekhabar.com/wp-content/uploads/2022/11/dipendra-kumar-adhikari-_.jpg,https://election.onlinekhabar.com/central-chetra/?chetra_map_id=parasi2
5,लुम्बिनी प्रदेश,508,रुपन्देही,5081,82674,90227,रुपन्देही-1,छविलाल विश्वकर्मा,M,59,41-60,1,नेपाल कम्युनिष्ट पार्टी (एमाले),https://election.onlinekhabar.com/wp-content/uploads/2022/11/Chhabilal-Biswakarma-Rupandehi.jpg,1,M,54,41-60,24882,27.6%,1,घनश्याम भुसाल,M,61,60+,13,स्वतन्त्र,21318,23.6%,2,https://election-2079.onlinekhabar.com/wp-content/uploads/2022/11/Ghanashyam-Bhusal-1.jpg,3564,4.0%,नरेश बहादुर पछाई क्षेत्री,https://election.onlinekhabar.com/wp-content/uploads/2022/11/Naresh-Pachhai-_.jpg,https://election.onlinekhabar.com/central-chetra/?chetra_map_id=rupendehi1
5,लुम्बिनी प्रदेश,508,रुपन्देही,5082,72474,77508,रुपन्देही-2,विष्‍णु प्रसाद पौडेल,M,62,60+,1,नेपाल कम्युनिष्ट पार्टी (एमाले),https://election-2079.onlinekhabar.com/wp-content/uploads/2022/11/bishnu-poudel-1.jpg,1,M,57,41-60,27165,35.0%,1,गणेश पौडेल,M,27,21-40,93,राष्ट्रिय स्वतन्त्र पार्टी,25795,33.3%,2,https://election.onlinekhabar.com/wp-content/uploads/2022/11/Ganesh-paudel.jpg,1370,1.8%,केशव बहादुर थापा मगर,https://election.onlinekhabar.com/wp-content/uploads/2022/11/kesab-suryabansi-rup.jpg,https://election.onlinekhabar.com/central-chetra/?chetra_map_id=rupendehi2
5,लुम्बिनी प्रदेश,508,रुपन्देही,5083,79983,88212,रुपन्देही-3,दीपक बोहरा,M,71,60+,4,राष्ट्रिय प्रजातन्त्र पार्टी,https://election.onlinekhabar.com/wp-content/uploads/2022/11/Deepak-bohara-_.jpg,1,M,56,41-60,36717,41.6%,1,बाल कृष्ण खाँण,M,62,60+,2,नेपाली काँग्रेस,34036,38.6%,2,https://election.onlinekhabar.com/wp-content/uploads/2022/11/Balkrishna-khad.jpg,2681,3.0%,जित बहादुर गुप्‍ता तेली,https://election-2079.onlinekhabar.com/wp-content/uploads/2022/11/Jeet-Bahadur-Gupta-Teli.jpg,https://election.onlinekhabar.com/central-chetra/?chetra_map_id=rupendehi3
5,लुम्बिनी प्रदेश,508,रुपन्देही,5084,61010,71002,रुपन्देही-4,सर्वेन्द्र नाथ शुक्ला,M,72,60+,44,"लोकतान्त्रिक समाजवादी पार्टी, नेपाल  ",https://election.onlinekhabar.com/wp-content/uploads/2022/11/sarbendranath-shukl-_.jpg,2,M,38,21-40,28000,39.4%,1,प्रमोद कुमार यादव,M,43,41-60,2,नेपाली काँग्रेस,22704,32.0%,2,https://election.onlinekhabar.com/wp-content/uploads/2022/11/pramod-kumar-yadav-_.jpg,5296,7.5%,भोपेन्द्र प्रसाद यादव,https://election.onlinekhabar.com/wp-content/uploads/2022/11/bhopendra-yadav-_.jpg,https://election.onlinekhabar.com/central-chetra/?chetra_map_id=rupendehi4
5,लुम्बिनी प्रदेश,508,रुपन्देही,5085,74259,80504,रुपन्देही-5,बासु देव घिमिरे,M,54,41-60,1,नेपाल कम्युनिष्ट पार्टी (एमाले),https://election.onlinekhabar.com/wp-content/uploads/2022/11/Basu-Dev-Ghimire_.jpg,2,M,63,60+,36822,45.7%,1,भरत कुमार शाह,M,68,60+,2,नेपाली काँग्रेस,27120,33.7%,2,https://election-2079.onlinekhabar.com/wp-content/uploads/2022/11/bharat-shahaa-1.jpg,9702,12.1%,चन्द्रशेखर सोनार,https://election.onlinekhabar.com/wp-content/themes/election-2079/assets/img/user-avatar.jpg,https://election.onlinekhabar.com/central-chetra/?chetra_map_id=rupendehi5
5,लुम्बिनी प्रदेश,509,कपिलवस्तु,5091,80987,86549,कपिलवस्तु-1,बलराम अधिकारी,M,62,60+,1,नेपाल कम्युनिष्ट पार्टी (एमाले),https://election-2079.onlinekhabar.com/wp-content/uploads/2022/11/balram-adhikari.jpg,3,M,55,41-60,34675,40.1%,1,चक्रपाणी खनाल,M,60,41-60,3,नेपाल कम्युनिष्ट पार्टी (माओवादी केन्द्र)(एकल चुनाव चिन्ह),18983,21.9%,2,https://election-2079.onlinekhabar.com/wp-content/uploads/2022/11/chakra-pani-khanal-baldev.jpg,15692,18.1%,नरेन्‍द्र प्रसाद चौधरी,https://election-2079.onlinekhabar.com/wp-content/uploads/2022/11/narednra-chaudhary_.jpg,https://election.onlinekhabar.com/central-chetra/?chetra_map_id=kapilbstu1
5,लुम्बिनी प्रदेश,509,कपिलवस्तु,5092,71914,80730,कपिलवस्तु-2,सुरेन्द्र राज आचार्य,M,64,60+,2,नेपाली काँग्रेस,https://election-2079.onlinekhabar.com/wp-content/uploads/2022/11/surendraacharya.jpg,1,M,46,41-60,39014,48.3%,1,बृजेश कुमार गुप्‍त,M,51,41-60,1,नेपाल कम्युनिष्ट पार्टी (एमाले),38697,47.9%,2,https://election-2079.onlinekhabar.com/wp-content/uploads/2022/11/birjesh-kumar-gupta.jpg,317,0.4%,सविता शर्मा,https://election-2079.onlinekhabar.com/wp-content/uploads/2022/11/sabita-sharma-_.jpg,https://election.onlinekhabar.com/central-chetra/?chetra_map_id=kapilbstu2
5,लुम्बिनी प्रदेश,509,कपिलवस्तु,5093,63637,72774,कपिलवस्तु-3,मंगल प्रसाद गुप्‍ता,M,77,60+,1,नेपाल कम्युनिष्ट पार्टी (एमाले),https://election-2079.onlinekhabar.com/wp-content/uploads/2022/11/mangal-gupta.jpg,2,M,35,21-40,22619,31.1%,1,अभिषेक प्रताप शाह,M,40,21-40,2,नेपाली काँग्रेस,18983,26.1%,2,https://election-2079.onlinekhabar.com/wp-content/uploads/2022/11/abhisekh-pratap-shasha.jpg,3636,5.0%,प्रकाश रजौरिया,https://election-2079.onlinekhabar.com/wp-content/uploads/2022/11/prakash-rajauriya-_.jpg,https://election.onlinekhabar.com/central-chetra/?chetra_map_id=kapilbstu3
5,लुम्बिनी प्रदेश,510,दाङ,5101,69580,73687,दाङ-1,मेटमणि चौधरी,M,49,41-60,38,नेपाल कम्युनिष्ट पार्टी (एकिकृत समाजबादी),https://election-2079.onlinekhabar.com/wp-content/uploads/2022/11/Metmani-chaudhary.jpg,1,M,44,41-60,26576,36.1%,1,शान्ता चौधरी,F,43,41-60,1,नेपाल कम्युनिष्ट पार्टी (एमाले),21493,29.2%,2,https://election-2079.onlinekhabar.com/wp-content/uploads/2022/11/Shanta-Chaudhary.jpg,5083,6.9%,देवराज पाठक,https://election-2079.onlinekhabar.com/wp-content/uploads/2022/11/Dev-Raj-Pathak.jpg,https://election.onlinekhabar.com/central-chetra/?chetra_map_id=dang1
5,लुम्बिनी प्रदेश,510,दाङ,5102,69485,74530,दाङ-2,रेखा शर्मा,F,53,41-60,3,नेपाल कम्युनिष्ट पार्टी (माओवादी केन्द्र)(एकल चुनाव चिन्ह),https://election-2079.onlinekhabar.com/wp-content/uploads/2022/11/Rekha-Sharma-1.jpg,3,M,58,41-60,26880,36.1%,1,शंकर पोख्रेल,M,59,41-60,1,नेपाल कम्युनिष्ट पार्टी (एमाले),26687,35.8%,2,https://election-2079.onlinekhabar.com/wp-content/uploads/2022/11/Shankar-Pokharel-1.jpg,193,0.3%,बिशाल अधिकारी,https://election-2079.onlinekhabar.com/wp-content/uploads/2022/11/Bishal-Adhikari-1.jpg,https://election.onlinekhabar.com/central-chetra/?chetra_map_id=dang2
5,लुम्बिनी प्रदेश,510,दाङ,5103,76506,85112,दाङ-3,दिपक गिरी,M,60,41-60,2,नेपाली काँग्रेस,https://election.onlinekhabar.com/wp-content/uploads/2022/11/Dipak-Giri.jpg,1,M,41,41-60,36911,43.4%,1,कोमल वली,F,53,41-60,1,नेपाल कम्युनिष्ट पार्टी (एमाले),29092,34.2%,2,https://election-2079.onlinekhabar.com/wp-content/uploads/2022/11/Komal-Oli.jpg,7819,9.2%,कमल सुबेदी,https://election-2079.onlinekhabar.com/wp-content/uploads/2022/11/Kamal-Subedi-1.jpg,https://election.onlinekhabar.com/central-chetra/?chetra_map_id=dang3
5,लुम्बिनी प्रदेश,511,बाँके,5111,66243,70811,बाँके-1,सुर्य प्रसाद ढकाल,M,50,41-60,1,नेपाल कम्युनिष्ट पार्टी (एमाले),https://election-2079.onlinekhabar.com/wp-content/uploads/2022/11/Surya-Dhakal.jpg,3,M,46,41-60,25026,35.3%,1,महेश्‍वर जंग गहतराज (अथक),M,51,41-60,3,नेपाल कम्युनिष्ट पार्टी (माओवादी केन्द्र)(एकल चुनाव चिन्ह),19632,27.7%,2,https://election-2079.onlinekhabar.com/wp-content/uploads/2022/11/Baheshwor-Gahatraj.jpg,5394,7.6%,सुरेश कुमार चौधरी,https://election.onlinekhabar.com/wp-content/themes/election-2079/assets/img/user-avatar.jpg,https://election.onlinekhabar.com/central-chetra/?chetra_map_id=banke1
5,लुम्बिनी प्रदेश,511,बाँके,5112,54273,62601,बाँके-2,धवलशम्मशेर जगंबहादुर राणा,M,61,60+,4,राष्ट्रिय प्रजातन्त्र पार्टी,https://election-2079.onlinekhabar.com/wp-content/uploads/2022/11/Dr.jpg,33,M,38,21-40,29577,47.2%,1,मोहम्मद इश्तियाक राई,M,42,41-60,41,"जनता समाजवादी पार्टी, नेपाल ",23520,37.6%,2,https://election-2079.onlinekhabar.com/wp-content/uploads/2022/11/Mohommad-Istiyak-Rai.jpg,6057,9.7%,सुदीप नरसिंह राणा,https://election-2079.onlinekhabar.com/wp-content/uploads/2022/11/Sudeep-Narsingh-Rana.jpg,https://election.onlinekhabar.com/central-chetra/?chetra_map_id=banke2
5,लुम्बिनी प्रदेश,511,बाँके,5113,63563,69074,बाँके-3,किशोर सिह राठोर,M,53,41-60,2,नेपाली काँग्रेस,https://election-2079.onlinekhabar.com/wp-content/uploads/2022/11/Kishor-Singh-Rathor.jpg,1,M,68,60+,29097,42.1%,1,किस्मत कुमार कक्षपति,M,62,60+,1,नेपाल कम्युनिष्ट पार्टी (एमाले),24305,35.2%,2,https://election-2079.onlinekhabar.com/wp-content/uploads/2022/11/Kismat-Kumar-Kakshapati.jpg,4792,6.9%,देवेन्द्र नाथ शुक्ला,https://election-2079.onlinekhabar.com/wp-content/uploads/2022/11/Devendra-Shukla.jpg,https://election.onlinekhabar.com/central-chetra/?chetra_map_id=banke3
5,लुम्बिनी प्रदेश,512,बर्दिया,5121,93505,97981,बर्दिया-1,संजय कुमार गौतम,M,59,41-60,2,नेपाली काँग्रेस,https://election-2079.onlinekhabar.com/wp-content/uploads/2022/11/Sanjay-Gautam.jpg,2,M,54,41-60,30611,31.2%,1,लक्ष्मणराज ज्ञवाली,M,62,60+,1,नेपाल कम्युनिष्ट पार्टी (एमाले),26155,26.7%,2,https://election-2079.onlinekhabar.com/wp-content/uploads/2022/11/Laxman-Gyawali.jpg,4456,4.5%,ठाकुर सिंह थारु,https://election-2079.onlinekhabar.com/wp-content/uploads/2022/11/Thakur-Singh-Tharu.jpg,https://election.onlinekhabar.com/central-chetra/?chetra_map_id=bardiya1
5,लुम्बिनी प्रदेश,512,बर्दिया,5122,88600,86812,बर्दिया-2,लालविर चौधरी,M,67,60+,13,स्वतन्त्र,https://election.onlinekhabar.com/wp-content/themes/election-2079/assets/img/user-avatar.jpg,3,M,48,41-60,26520,30.5%,1,सुरेश पन्थ,M,46,41-60,3,नेपाल कम्युनिष्ट पार्टी (माओवादी केन्द्र)(एकल चुनाव चिन्ह),26384,30.4%,2,https://election-2079.onlinekhabar.com/wp-content/uploads/2022/11/Suresh-Panta.jpg,136,0.2%,पंकज सिंह राठौर,https://election-2079.onlinekhabar.com/wp-content/uploads/2022/11/Binay-Rawal.jpg,https://election.onlinekhabar.com/central-chetra/?chetra_map_id=bardiya2
6,कर्णाली प्रदेश,601,डोल्पा,6011,15249,17521,डोल्पा-1,धन बहादुर बुढा,M,47,41-60,38,नेपाल कम्युनिष्ट पार्टी (एकिकृत समाजबादी),https://election-2079.onlinekhabar.com/wp-content/uploads/2022/11/dhana-bahadur-budha-_.jpg,1,M,42,41-60,11292,64.4%,1,गणेश बहादुर शाही,M,49,41-60,1,नेपाल कम्युनिष्ट पार्टी (एमाले),5505,31.4%,2,https://election-2079.onlinekhabar.com/wp-content/uploads/2022/11/ganesh-bdr-shahi-_.jpg,5787,33.0%,अंगद कुमार बुढा,https://election-2079.onlinekhabar.com/wp-content/uploads/2022/11/angad-bahadur-buda-_.jpg,https://election.onlinekhabar.com/central-chetra/?chetra_map_id=dolpa1
6,कर्णाली प्रदेश,602,मुगु,6021,22994,25820,मुगु-1,ऐन बहादुर शाही ठकुरी,M,52,41-60,2,नेपाली काँग्रेस,https://election-2079.onlinekhabar.com/wp-content/uploads/2022/11/ain-bhadur-sahi-__.jpg,1,M,46,41-60,14706,57.0%,1,राज बहादुर कार्की,M,43,41-60,1,नेपाल कम्युनिष्ट पार्टी (एमाले),10710,41.5%,2,https://election-2079.onlinekhabar.com/wp-content/uploads/2022/11/raj-bahadur-karki-__.jpg,3996,15.5%,राज बहादुर मल्ल,https://election.onlinekhabar.com/wp-content/themes/election-2079/assets/img/user-avatar.jpg,https://election.onlinekhabar.com/central-chetra/?chetra_map_id=mugu1
6,कर्णाली प्रदेश,603,हुम्ला,6031,20833,24265,हुम्ला-1,छिरिङ डम्डुल लामा (भोटे),M,55,41-60,3,नेपाल कम्युनिष्ट पार्टी (माओवादी केन्द्र)(एकल चुनाव चिन्ह),https://election-2079.onlinekhabar.com/wp-content/uploads/2022/11/Karchen-Lama.jpg,13,M,58,41-60,14371,59.2%,1,दल रावल,M,51,41-60,1,नेपाल कम्युनिष्ट पार्टी (एमाले),9516,39.2%,2,https://election-2079.onlinekhabar.com/wp-content/uploads/2022/11/dala-rawal-_.jpg,4855,20.0%,तेज बहादुर रावत,https://election-2079.onlinekhabar.com/wp-content/uploads/2022/11/tej-rawat-_.jpg,https://election.onlinekhabar.com/central-chetra/?chetra_map_id=humla1
6,कर्णाली प्रदेश,604,जुम्ला,6041,39731,42806,जुम्ला-1,ज्ञान बहादुर शाही,M,30,21-40,4,राष्ट्रिय प्रजातन्त्र पार्टी,https://election-2079.onlinekhabar.com/wp-content/uploads/2022/11/gyanendra-shahi-_.jpg,3,M,49,41-60,22819,53.3%,1,गोमा गौतम (कुँवर),F,39,21-40,3,नेपाल कम्युनिष्ट पार्टी (माओवादी केन्द्र)(एकल चुनाव चिन्ह),11959,27.9%,2,https://election-2079.onlinekhabar.com/wp-content/uploads/2022/11/Goma-Kunwa.jpg,10860,25.4%,रतन नाथ योगी,https://election-2079.onlinekhabar.com/wp-content/uploads/2022/11/ratan-nath-yogi-_.jpg,https://election.onlinekhabar.com/central-chetra/?chetra_map_id=jumla1
6,कर्णाली प्रदेश,605,कालिकोट,6051,39670,44266,कालिकोट-1,महेन्द्र बहादुर शाही,M,45,41-60,3,नेपाल कम्युनिष्ट पार्टी (माओवादी केन्द्र)(एकल चुनाव चिन्ह),https://election-2079.onlinekhabar.com/wp-content/uploads/2022/11/Mahendra-Bahadur-Shahi.jpg,3,M,48,41-60,23727,53.6%,1,श्री नगीन्द्र शाही,M,43,41-60,1,नेपाल कम्युनिष्ट पार्टी (एमाले),16718,37.8%,2,https://election-2079.onlinekhabar.com/wp-content/uploads/2022/11/nagindra-sahi.jpg,7009,15.8%,धन बहादुर बुढा,https://election-2079.onlinekhabar.com/wp-content/uploads/2022/11/dhan-bahadur-buda-_.jpg,https://election.onlinekhabar.com/central-chetra/?chetra_map_id=kalikot1
6,कर्णाली प्रदेश,606,दैलेख,6061,42830,41821,दैलेख-1,अम्मर बहादुर थापा,M,66,60+,38,नेपाल कम्युनिष्ट पार्टी (एकिकृत समाजबादी),https://election-2079.onlinekhabar.com/wp-content/uploads/2022/11/ammara-thapa_.jpg,1,M,53,41-60,18297,43.8%,1,रविन्द्र राज शर्मा,M,58,41-60,1,नेपाल कम्युनिष्ट पार्टी (एमाले),17445,41.7%,2,https://election-2079.onlinekhabar.com/wp-content/uploads/2022/11/rabindra-raj-sharma.jpg,852,2.0%,कुन्ती कुमारी शाही,https://election-2079.onlinekhabar.com/wp-content/uploads/2022/11/kunti-sahi.jpg,https://election.onlinekhabar.com/central-chetra/?chetra_map_id=dailekh1
6,कर्णाली प्रदेश,606,दैलेख,6062,44059,44486,दैलेख-2,दिक्पाल कुमार शाहि,M,61,60+,2,नेपाली काँग्रेस,https://election-2079.onlinekhabar.com/wp-content/uploads/2022/11/dikpal-sahi.jpg,1,M,51,41-60,20183,45.4%,1,लक्ष्मी प्रसाद पोखरेल,M,60,41-60,1,नेपाल कम्युनिष्ट पार्टी (एमाले),20016,45.0%,2,https://election-2079.onlinekhabar.com/wp-content/uploads/2022/11/lakshmi-pokhrel.jpg,167,0.4%,केसेन्द्र प्रकाश कार्की,https://election.onlinekhabar.com/wp-content/themes/election-2079/assets/img/user-avatar.jpg,https://election.onlinekhabar.com/central-chetra/?chetra_map_id=dailekh2
6,कर्णाली प्रदेश,607,जाजरकोट,6071,56824,61637,जाजरकोट-1,शक्ति बहादुर वस्नेत,M,53,41-60,3,नेपाल कम्युनिष्ट पार्टी (माओवादी केन्द्र)(एकल चुनाव चिन्ह),https://election.onlinekhabar.com/wp-content/uploads/2022/11/Shakti-Bahadur-basnet-1.jpg,3,M,48,41-60,34151,55.4%,1,निरज प्रसाद आचार्य,M,45,41-60,1,नेपाल कम्युनिष्ट पार्टी (एमाले),25120,40.8%,2,https://election.onlinekhabar.com/wp-content/uploads/2022/11/Niraj-acharya-1.jpg,9031,14.7%,नर बहादुर कार्की,https://election.onlinekhabar.com/wp-content/uploads/2022/11/Nara-Bahadur-Karki-1.jpg,https://election.onlinekhabar.com/central-chetra/?chetra_id=167
6,कर्णाली प्रदेश,608,रुकुम पश्चिम,6081,51915,57295,रुकुम पश्चिम-1,जनार्दन शर्मा,M,59,41-60,3,नेपाल कम्युनिष्ट पार्टी (माओवादी केन्द्र)(एकल चुनाव चिन्ह),https://election-2079.onlinekhabar.com/wp-content/uploads/2022/11/janardan-sharma-1.jpg,3,M,54,41-60,39549,69.0%,1,नन्दराम देवकोटा,M,50,41-60,1,नेपाल कम्युनिष्ट पार्टी (एमाले),12961,22.6%,2,https://election-2079.onlinekhabar.com/wp-content/uploads/2022/11/Nanda-ram-devkota-__.jpg,26588,46.4%,तारक के.सी.,https://election-2079.onlinekhabar.com/wp-content/uploads/2022/11/tarak-kc-_.jpg,https://election.onlinekhabar.com/central-chetra/?chetra_map_id=rukum2
6,कर्णाली प्रदेश,609,सल्यान,6091,77715,76328,सल्यान-1,प्रकाश ज्वाला,M,55,41-60,38,नेपाल कम्युनिष्ट पार्टी (एकिकृत समाजबादी),https://election-2079.onlinekhabar.com/wp-content/uploads/2022/11/%E0%A4%AA%E0%A5%8D%E0%A4%B0%E0%A4%95%E0%A4%BE%E0%A4%B6-%E0%A4%9C%E0%A5%8D%E0%A4%B5%E0%A4%BE%E0%A4%B2%E0%A4%BE-_.jpg,3,M,52,41-60,35707,46.8%,1,राजेन्द्र बहादुर शाह,M,70,60+,13,स्वतन्त्र,19792,25.9%,2,https://election.onlinekhabar.com/wp-content/themes/election-2079/assets/img/user-avatar.jpg,15915,20.9%,राजेन्द्र वीर राय,https://election-2079.onlinekhabar.com/wp-content/uploads/2022/11/%E0%A4%B0%E0%A4%BE%E0%A4%9C%E0%A5%87%E0%A4%A8%E0%A5%8D%E0%A4%A6%E0%A5%8D%E0%A4%B0-%E0%A4%B5%E0%A5%80%E0%A4%B0-%E0%A4%B0%E0%A4%BE%E0%A4%AF.jpg,https://election.onlinekhabar.com/central-chetra/?chetra_map_id=salyan1
6,कर्णाली प्रदेश,610,सुर्खेत,6101,71153,75615,सुर्खेत-1,पूर्ण बहादुर खड्का,M,66,60+,2,नेपाली काँग्रेस,https://election-2079.onlinekhabar.com/wp-content/uploads/2022/11/Purna-Bahadur-Khadka-1.jpg,1,M,47,41-60,42607,56.3%,1,ध्रुवकुमार शाही,M,52,41-60,1,नेपाल कम्युनिष्ट पार्टी (एमाले),30988,41.0%,2,https://election-2079.onlinekhabar.com/wp-content/uploads/2022/11/Dhrub-Kumar-Shahi.jpg,11619,15.4%,मोहम्मद हसरत अली,https://election-2079.onlinekhabar.com/wp-content/uploads/2022/11/Mohamad-Hasrat-Ali.jpg,https://election.onlinekhabar.com/central-chetra/?chetra_map_id=surkhet1
6,कर्णाली प्रदेश,610,सुर्खेत,6102,68990,72426,सुर्खेत-2,हृदयराम थानी,M,62,60+,2,नेपाली काँग्रेस,https://election-2079.onlinekhabar.com/wp-content/uploads/2022/11/Hridayaram-Thani-2.jpg,1,M,53,41-60,34625,47.8%,1,अमृत बहादुर बुढा क्षेत्री,M,63,60+,1,नेपाल कम्युनिष्ट पार्टी (एमाले),29558,40.8%,2,https://election-2079.onlinekhabar.com/wp-content/uploads/2022/11/Amrit-BC-1.jpg,5067,7.0%,टेक बहादुर चुनारा,https://election-2079.onlinekhabar.com/wp-content/uploads/2022/11/Tek-Bahadur-Chunara.jpg,https://election.onlinekhabar.com/central-chetra/?chetra_map_id=surkhet2
7,सुदूरपश्चिम प्रदेश,701,बाजुरा,7011,51711,58529,बाजुरा-1,बद्री प्रसाद पाण्डे,M,48,41-60,2,नेपाली काँग्रेस,https://election-2079.onlinekhabar.com/wp-content/uploads/2022/11/badri-pandey-_.jpg,1,M,50,41-60,31786,54.3%,1,कर्ण बहादुर थापा,M,54,41-60,1,नेपाल कम्युनिष्ट पार्टी (एमाले),26349,45.0%,2,https://election-2079.onlinekhabar.com/wp-content/uploads/2022/11/karna-bahadur-thapa.jpg,5437,9.3%,जंग कुमार गिरी,https://election.onlinekhabar.com/wp-content/themes/election-2079/assets/img/user-avatar.jpg,https://election.onlinekhabar.com/central-chetra/?chetra_map_id=bajura1
7,सुदूरपश्चिम प्रदेश,702,बझाङ्ग,7021,63332,58613,बझाङ्ग-1,भानुभक्त जोशी,M,63,60+,38,नेपाल कम्युनिष्ट पार्टी (एकिकृत समाजबादी),https://election-2079.onlinekhabar.com/wp-content/uploads/2022/11/bhnanu-bhakta-joshi-_.jpg,1,M,58,41-60,28413,48.5%,1,ऐन बहादुर महर,M,38,21-40,1,नेपाल कम्युनिष्ट पार्टी (एमाले),27412,46.8%,2,https://election-2079.onlinekhabar.com/wp-content/uploads/2022/11/ain-sing-mahar.jpg,1001,1.7%,बिश्व प्रकाश जेठारा,https://election-2079.onlinekhabar.com/wp-content/uploads/2022/11/bishwa-prakas-jethara.jpg,https://election.onlinekhabar.com/central-chetra/?chetra_map_id=bajhang1
7,सुदूरपश्चिम प्रदेश,703,दार्चुला,7031,52200,55723,दार्चुला-1,दिलेन्द्र प्रसाद बडू,M,68,60+,2,नेपाली काँग्रेस,https://election-2079.onlinekhabar.com/wp-content/uploads/2022/11/Dilendra-Prasad-Badu.jpg,1,M,48,41-60,28515,51.2%,1,गणेश सिंह ठगुन्ना,M,53,41-60,1,नेपाल कम्युनिष्ट पार्टी (एमाले),26381,47.3%,2,https://election-2079.onlinekhabar.com/wp-content/uploads/2022/11/Ganesh-Thagunna-1.jpg,2134,3.8%,नरेन्द्र सिंह धामी,https://election-2079.onlinekhabar.com/wp-content/uploads/2022/11/narednra-singh-dami.jpg,https://election.onlinekhabar.com/central-chetra/?chetra_map_id=darchula1
7,सुदूरपश्चिम प्रदेश,704,बैतडी,7041,69122,72498,बैतडी-1,दामोदर भण्डारी,M,48,41-60,1,नेपाल कम्युनिष्ट पार्टी (एमाले),https://election-2079.onlinekhabar.com/wp-content/uploads/2022/11/damodar-bhandari-_.jpg,1,M,43,41-60,33611,46.4%,1,नरेन्द्र बहादुर कुंवर,M,50,41-60,3,नेपाल कम्युनिष्ट पार्टी (माओवादी केन्द्र)(एकल चुनाव चिन्ह),32080,44.2%,2,https://election-2079.onlinekhabar.com/wp-content/uploads/2022/11/naredra-bahadur-kunwar.jpg,1531,2.1%,केशव बहादुर चन्द,https://election.onlinekhabar.com/wp-content/themes/election-2079/assets/img/user-avatar.jpg,https://election.onlinekhabar.com/central-chetra/?chetra_map_id=baitadi1
7,सुदूरपश्चिम प्रदेश,705,डडेलधुरा,7051,51127,48016,डडेलधुरा-1,शेर बहादुर देउवा,M,77,60+,2,नेपाली काँग्रेस,https://election-2079.onlinekhabar.com/wp-content/uploads/2022/11/sher-bahadur-deuba.jpg,2,M,72,60+,25534,53.2%,1,सागर ढकाल,M,31,21-40,13,स्वतन्त्र,13042,27.2%,2,https://election-2079.onlinekhabar.com/wp-content/uploads/2022/11/sagar-dhakal-_.jpg,12492,26.0%,कर्ण बहादुर मल्ल,https://election-2079.onlinekhabar.com/wp-content/uploads/2022/11/karna-bahadur-malla.jpg,https://election.onlinekhabar.com/central-chetra/?chetra_map_id=dadeldhura1
7,सुदूरपश्चिम प्रदेश,706,डोटी,7061,65113,58583,डोटी-1,प्रेम वहादुर आले,M,51,41-60,38,नेपाल कम्युनिष्ट पार्टी (एकिकृत समाजबादी),https://election-2079.onlinekhabar.com/wp-content/uploads/2022/11/Prem-Ale.jpg,1,M,46,41-60,27210,46.4%,1,गौरी कुमारी ओली,F,49,41-60,1,नेपाल कम्युनिष्ट पार्टी (एमाले),23004,39.3%,2,https://election-2079.onlinekhabar.com/wp-content/uploads/2022/11/gauri-oli-1.jpg,4206,7.2%,नरेन्द्र बहादुर खडका,https://election-2079.onlinekhabar.com/wp-content/uploads/2022/11/Narendra-Khadka-1.jpg,https://election.onlinekhabar.com/central-chetra/?chetra_map_id=doti1
7,सुदूरपश्चिम प्रदेश,707,अछाम,7071,42582,39415,अछाम-1,शेर बहादुर कुँवर,M,56,41-60,38,नेपाल कम्युनिष्ट पार्टी (एकिकृत समाजबादी),https://election-2079.onlinekhabar.com/wp-content/uploads/2022/11/sher-bd-kuwanr.jpg,1,M,61,60+,19534,49.6%,1,झपट बहादुर बोहरा,M,54,41-60,1,नेपाल कम्युनिष्ट पार्टी (एमाले),15045,38.2%,2,https://election-2079.onlinekhabar.com/wp-content/uploads/2022/11/Jhapat-bohora.jpg,4489,11.4%,राजन कुँवर,https://election-2079.onlinekhabar.com/wp-content/uploads/2022/11/Rajan-Kunwar.jpg,https://election.onlinekhabar.com/central-chetra/?chetra_map_id=achham1
7,सुदूरपश्चिम प्रदेश,707,अछाम,7072,41244,39773,अछाम-2,पुष्प बहादुर शाह,M,61,60+,2,नेपाली काँग्रेस,https://election-2079.onlinekhabar.com/wp-content/uploads/2022/11/puspa-bd-saha.jpg,1,M,41,41-60,22954,57.7%,1,यज्ञ बहादुर बोगटी,M,46,41-60,1,नेपाल कम्युनिष्ट पार्टी (एमाले),16114,40.5%,2,https://election-2079.onlinekhabar.com/wp-content/uploads/2022/11/yege-bogati-__.jpg,6840,17.2%,चन्द्र प्रसाद ढुंगाना,https://election-2079.onlinekhabar.com/wp-content/uploads/2022/11/Chandra-Prasad-Dhungana.jpg,https://election.onlinekhabar.com/central-chetra/?chetra_map_id=achham2
7,सुदूरपश्चिम प्रदेश,708,कैलाली,7081,60691,60878,कैलाली-1,रन्जिता श्रेष्ठ,F,39,21-40,61,नागरिक उन्मुक्ति पार्टी,https://election-2079.onlinekhabar.com/wp-content/uploads/2022/11/ranjeeta-shrestha-_.jpg,32,M,40,21-40,30404,49.9%,1,राम जनम चौधरी,M,62,60+,2,नेपाली काँग्रेस,18081,29.7%,2,https://election-2079.onlinekhabar.com/wp-content/uploads/2022/11/ramjanam-chaudhary-_.jpg,12323,20.2%,तपेन्द्र बहादुर रावल,https://election-2079.onlinekhabar.com/wp-content/uploads/2022/11/tapendra-rawal-_.jpg,https://election.onlinekhabar.com/central-chetra/?chetra_map_id=kailali1
7,सुदूरपश्चिम प्रदेश,708,कैलाली,7082,55289,56710,कैलाली-2,अरुन कुमार चौधरी,M,37,21-40,61,नागरिक उन्मुक्ति पार्टी,https://election-2079.onlinekhabar.com/wp-content/uploads/2022/11/arun-chaudhary-_.jpg,1,M,42,41-60,21871,38.6%,1,झपट बहादुर रावल,M,47,41-60,1,नेपाल कम्युनिष्ट पार्टी (एमाले),16128,28.4%,2,https://election-2079.onlinekhabar.com/wp-content/uploads/2022/11/jhapat-rawal-_.jpg,5743,10.1%,भगत बहादुर बढुवाल,https://election-2079.onlinekhabar.com/wp-content/uploads/2022/11/Bhagat-Baduwal-_.jpg,https://election.onlinekhabar.com/central-chetra/?chetra_map_id=kailali2
7,सुदूरपश्चिम प्रदेश,708,कैलाली,7083,57242,59719,कैलाली-3,गंगा राम चौधरी,M,44,41-60,61,नागरिक उन्मुक्ति पार्टी,https://election-2079.onlinekhabar.com/wp-content/uploads/2022/11/gangaram-chaudhary-_.jpg,3,M,35,21-40,23120,38.7%,1,कृष्ण कुमार चौधरी,M,44,41-60,3,नेपाल कम्युनिष्ट पार्टी (माओवादी केन्द्र)(एकल चुनाव चिन्ह),17749,29.7%,2,https://election-2079.onlinekhabar.com/wp-content/uploads/2022/11/krishna-kumar-chaudhary-_.jpg,5371,9.0%,गौरी शंकर चौधरी,https://election-2079.onlinekhabar.com/wp-content/uploads/2022/11/Gauri-shankar-chaudhari.jpg,https://election.onlinekhabar.com/central-chetra/?chetra_map_id=kailali3
7,सुदूरपश्चिम प्रदेश,708,कैलाली,7084,58060,59367,कैलाली-4,विर बहादुर बलायर,M,57,41-60,2,नेपाली काँग्रेस,https://election-2079.onlinekhabar.com/wp-content/uploads/2022/11/bir-bdr-balayar-1.jpg,3,M,58,41-60,26275,44.3%,1,लेख राज भट्ट,M,63,60+,1,नेपाल कम्युनिष्ट पार्टी (एमाले),22663,38.2%,2,https://election-2079.onlinekhabar.com/wp-content/uploads/2022/11/lekhraj-bhatta-1.jpg,3612,6.1%,कइयाँ चौधरी,https://election-2079.onlinekhabar.com/wp-content/uploads/2022/11/kaiyan-chaudhary-_.jpg,https://election.onlinekhabar.com/central-chetra/?chetra_map_id=kailali4
7,सुदूरपश्चिम प्रदेश,708,कैलाली,7085,59614,61766,कैलाली-5,डिल्ली राज पन्त,M,66,60+,2,नेपाली काँग्रेस,https://election-2079.onlinekhabar.com/wp-content/uploads/2022/11/Dilli_Raj_Pant-1.jpg,1,M,45,41-60,21392,34.6%,1,नारद मुनि राना,M,50,41-60,1,नेपाल कम्युनिष्ट पार्टी (एमाले),20318,32.9%,2,https://election-2079.onlinekhabar.com/wp-content/uploads/2022/11/%E0%A4%A8%E0%A4%BE%E0%A4%B0%E0%A4%A6%E0%A4%AE%E0%A5%81%E0%A4%A8%E0%A4%BF-%E0%A4%B0%E0%A4%BE%E0%A4%A8%E0%A4%BE-1.jpg,1074,1.7%,पुष्कर नाथ ओझा,https://election-2079.onlinekhabar.com/wp-content/uploads/2022/11/Puskarnath-Ojha-1.jpg,https://election.onlinekhabar.com/central-chetra/?chetra_map_id=kailali5
7,सुदूरपश्चिम प्रदेश,709,कन्चनपुर,7091,60263,60140,कन्चनपुर-1,तारा लामा तामाङ,M,49,41-60,1,नेपाल कम्युनिष्ट पार्टी (एमाले),https://election-2079.onlinekhabar.com/wp-content/uploads/2022/11/tara-lama.jpg,3,F,33,21-40,24943,41.5%,1,बीना मगर,F,38,21-40,3,नेपाल कम्युनिष्ट पार्टी (माओवादी केन्द्र)(एकल चुनाव चिन्ह),19400,32.3%,2,https://election-2079.onlinekhabar.com/wp-content/uploads/2022/11/bina-magar-__.jpg,5543,9.2%,नन्द कुमार राना,https://election-2079.onlinekhabar.com/wp-content/uploads/2022/11/nanda-kumar-rana-_.jpg,https://election.onlinekhabar.com/central-chetra/?chetra_map_id=kanchanpur1
7,सुदूरपश्चिम प्रदेश,709,कन्चनपुर,7092,59524,59916,कन्चनपुर-2,नारायण प्रकाश साउद,M,60,41-60,2,नेपाली काँग्रेस,https://election.onlinekhabar.com/wp-content/uploads/2022/11/np-sauda-1.jpg,1,M,38,21-40,28136,47.0%,1,नर बहादुर धामी,M,43,41-60,1,नेपाल कम्युनिष्ट पार्टी (एमाले),21682,36.2%,2,https://election-2079.onlinekhabar.com/wp-content/uploads/2022/11/nar-badahur-dhami.jpg,6454,10.8%,झंकर राज जोशी,https://election-2079.onlinekhabar.com/wp-content/uploads/2022/11/jhankar-raj-jhosi.jpg,https://election.onlinekhabar.com/central-chetra/?chetra_map_id=kanchanpur2
7,सुदूरपश्चिम प्रदेश,709,कन्चनपुर,7093,53529,54157,कन्चनपुर-3,रमेश लेखक,M,58,41-60,2,नेपाली काँग्रेस,https://election-2079.onlinekhabar.com/wp-content/uploads/2022/11/Ramesh-Lekhak.jpg,1,M,45,41-60,30575,56.5%,1,निरु देवी पाल,F,51,41-60,1,नेपाल कम्युनिष्ट पार्टी (एमाले),18485,34.1%,2,https://election-2079.onlinekhabar.com/wp-content/uploads/2022/11/niru-pal.jpg,12090,22.3%,कृष्ण लुहार,https://election-2079.onlinekhabar.com/wp-content/uploads/2022/11/Krishna-luhar.jpg,https://election.onlinekhabar.com/central-chetra/?chetra_map_id=kanchanpur3